用户名,评论内容,点赞数,评论时间
宝批龙先生,我这就去把室友上铺拆了[OK],14850,1622904153
天气太热了想回地府,总有人说子柒拍的不是真正的农村生活，特别假什么的。可我认为子柒是有自己的一套美学的，哪怕是没有什么积蓄的我，也不仅仅是吃饱穿暖而已，种花养观赏鱼虾（养点最普通的不会花很多钱）用低成本改造出租屋，鼓捣简单美味的食物，给猫猫DIY餐桌小窝猫爬架都是日常。人在能力范围之内追求美和舒适不是本能吗？为什么总有人认为不搞花里胡哨不在乎形象才是真实？,9323,1622916386
骨头没有持方,"有文化:曲水流觞
没文化:流水席[妙啊]",9288,1622941821
穷绿之北,"其实最让我感动的是中间装饰的部分没有选择用塑料花，也没有选择插一次性的花，而是认认真真的用了泥土去照顾从山中移植来的植物们
而这，才是从头到尾的真实吧
最后表白柒姐，展现出来的整一个过程看似不难，但谁又有这个动手能力呢[脱单doge]",9192,1622905876
一夜望尽长安花_,子柒姐姐你在哪啊，电话不接，消息不回，我一个人带着碗筷在山里迷路了，现在天都黑了呜呜呜好害怕[哭泣],7445,1622911115
洗碗机的救赎,"此地有崇山峻岭，茂林修竹，又有清流激湍，映带左右，引以为流觞曲水，列坐其次。虽无丝竹管弦之盛，一觞一咏，亦足以畅叙幽情。
——《兰亭集序》",7281,1622904150
炒饭吖,上次看弹幕里有人说，就这个桌子就得好几万，这就是有钱人的生活。这期视频姐姐就来啪啪打脸。就问:疼不疼？疼不疼？[吃瓜],7281,1622977267
账号已注销,流觞曲水是文人雅士聚会的一种游戏，觞停在谁面前就要赋诗一首否则就要罚酒的，史上有一次最著名的聚会就用到流觞曲水这个游戏，并诞生了著名的兰亭序。,3819,1622962652
夏暮野川,向往的生活花那么多钱没拍出的节目立意，在这里每一期20分钟左右的内容就可以看到，这才是我向往的生活，美好而遥远。,3552,1622976240
猫猫归大树,嬛嬛你还有什么是朕不知道的,3385,1622908155
ミ猫猫❤喵喵彡,"小仙女，9:41 这颗多肉，是药锦，专坑新手的，中间的白色是因为打了除草剂，这种多肉很快就会死的。
以后买多肉，不要买这种中间颜色不自然，发白发红的品种。",2389,1622911827
喂你一包糖,很喜欢子柒姐姐的视频，上个月换了新工作，去了新公司，本来还跟同事话题不多的，以为融入不了的。直到上周，吃饭时候周围两三个同事都在刷姐姐的视频，瞬间就有了共同话题，然后越聊越多人加入，瞬间就相互熟悉，大家一下子就熟络亲切了许多！没想到会是以这样的方式融入新公司的，很感谢姐姐的视频分享，感谢姐姐带给我我们美的享受，也愿大家生活安逸[给心心][给心心][给心心],2207,1622904584
GoldenBubbles,b站有专门翻译油管上外国人评论的，你可以去看看，他们都知道这只是类似于西方农场的生活，还有很多人嗯表示以后老了也去农场自给自足，国家在科技这方面的宣传也很到位，外国该知道的都知道。国外也有很多这样回归自然的人，最有名的就是塔莎奶奶，并不存在通过子柒觉得中国全都是农村。,2054,1622951787
刺青之声love零,上个视频还有人说2万起步，好家伙自己做的,1908,1622917154
面包王1789,不是回转寿司！！！这是中国的曲水流觞！！！,1526,1622907194
王迷糊121,好家伙，这是集瓦匠，木匠，水利，盆景，茶艺，厨师，人文…………于一身了！[喜欢],1424,1622905831
一花一叶醉陶然,上一期还在想桌子是不是也是自己做的呢，这一期就出来了,1381,1622903944
柒莯丶,不是农村生活不这样，而是大部分农村人不会这样，大部分人没有这个闲情雅致来陶冶情操，大部分人都选择空闲时刷抖音快手这些小视频，还有打牌闲聊，要是中国的农村都能像李子柒视频这样，那不知道是多少时代后了，精神、物质都达到高度发展，就不会觉得农村就是脏累差的形象了,1370,1623144309
励晟铭,把李子柒姐姐带到无人岛上，估计她能造出一个摩尔庄园出来[doge]！,1290,1623086191
看烟花去啦,姐姐你太牛了，那个桌子太棒了也，我毕业设计就是做家具的，我太知道茶桌这类的多费劲了，我看完视频真的快跪了，不过我动手能力差的很，全程都是找木匠铁匠师傅做，全程就动手给桌面上过色太菜了哈哈，等我以后有机会了也要弄这个桌子哈哈哈[喜极而泣],1060,1622908224
优架洋,弹幕许愿的 有这个功夫多去看看书不好吗？太影响观感了！人家看视频是为了看up，谁关心你们上哪个大学又什么心愿啊？什么心智的人没完没了的做这些事啊？,996,1622977491
MorningBirds,上语文课学习《兰亭集序》的时候就在想象“流觞曲水，列坐其次”是什么样的景象[星星眼],943,1622904036
椒麻不焦,"看老李视频步骤如下：[doge]
1.一键三连
2.关闭弹幕
3.掏出耳机插起
4.横屏并调整清晰度音量至最佳
5.将进度条拖至最开头
6.完整观看一边之后再次开启弹幕并重播贡献有价值弹幕【狗头】
[微笑][微笑][微笑][微笑][微笑][微笑]",634,1622906372
一隻の舟,我的天，上一期有人弹幕说，查了这个桌子几万块，我还信了，我心想这么有钱的嘛就喝喝茶，结果现在跟我说是做的[尴尬],534,1622911597
发麻麻的乖宝贝,李子柒！特别想告诉你，我遇到了一个和你一样阳光善良可爱的女孩，她能治愈我[鼓掌]，让我感受到温暖！！！所以，那个。。。往后我就不投币了啊[doge],453,1622903897
bili_1294376428,"「引以为流觞曲水，列坐其次。虽无丝竹管弦之盛，一觞一咏，亦足以畅叙幽情。」
所谓教育的意义就是但凡上过高中都应该会背《兰亭集序》吧[doge]",360,1622970175
Glass_BlackCatt,"都来这么早啊，赶紧找个位子坐
💺💺💺💺💺💺💺💺
💺💺💺💺[妙啊]💺💺💺
💺💺💺💺💺💺💺💺
💺💺💺💺💺💺💺💺",350,1622910503
相约相守到天边,陌生人，马上要高考了，可这跟我一个大学生有啥关系呢[doge],287,1622905949
是倾故呀,"考点：①【曲水流觞】此地有崇山峻岭，茂林修竹，又有清流激湍，映带左右，引以为流觞曲水，列坐其次。虽无丝竹管弦之盛，一觞一咏，亦足以畅叙幽情。——《兰亭集序》
         ②中国茶文化
        ③中国传统文化的发展
       ④柒姐
[妙啊]",271,1622911147
鄂西佬男孩,"给子柒写了首藏头诗

我
爱
子
柒

咦，我的藏头诗为什么看不见，原来我对子柒的喜爱根本藏不住[给心心][给心心][给心心][傲娇][傲娇][傲娇][傲娇][傲娇]",263,1622905732
别动我治疗,哈哈哈哈哈哈哈，居然有人不知道曲水流畅，看来是真没好好上课，哈哈哈哈哈哈哈哈哈,245,1622972999
哎柚柚233,"多肉和苔藓是两种根本习性不同的植物，大多数情况下是无法一起养的。

但并不是每一种多肉不爱水不爱阴，而也不是每一种苔藓都喜欢水都不爱阳光。

只要找对了他们相互匹配的品种用合理方式养护，他们也可以和谐相处，放在一起生长。[打call]",226,1622910747
一花一叶醉陶然,我第一次这么前！！！！！,221,1622903813
GG意料之外,都在说什么美学什么的。我只看到李子柒做木工的熟练度以及手法，不敢讲是大师傅，但至少在行。什么美学都比不了这个。生活的自然。不知道你们几个懂的？艺术源于生活。活不明白什么都是假的。现代都市生活习惯用钱解决问题。但是我们的父辈们都习惯于动手制作。我都记得父亲常说“亲历亲为”“人不到不为财”。现在还多少年轻人听到呢？李子柒的魅力在于她亲历亲为的去学去做了。让生在都市的人感受到了亲历亲为得到的，收获的喜悦以及满足感。,201,1623046910
别骂了再骂人要骂傻了,姐姐，我好累，刚才又因为鸡毛蒜皮的小事发火，气一上来又在哭，可我只认真哭了五分钟，因为我过段时间要中考，我还有卷子没写完。哭哭啼啼地写，写着写着就忘了哭了。视频看了一半，还要背书，剩下的一半当睡前读物啦，姐姐的视频总能让人莫名其妙安心。好羡慕姐姐能过自己想过的生活，我也希望我可以有权利选自己想过的生活。希望我们都可以到达想去的地方[给心心],194,1622908706
GoldenBubbles,这不是传统文化与现代工艺相结合吗？曲水流觞+现代的电力水泵，使得只能靠溪流活水的曲水流觞得以活动自由，既能当茶桌，也能当饭桌。后面的茶类美食也都是能吃的啊，没有觉得华而不实，都是实用好吃的，比现代那些矫情的老树根茶桌好多了，还宣扬了传统文化。,194,1622952098
joht_JS,弹幕真的奇奇怪怪的，前面做那个曲水流觞的桌子，分明用钉子做的，不是榫卯结构，弹幕一堆人在那榫卯榫卯，最后柒哥他们玩飞花令，就一个弹幕都没有人说的。喜欢传统文化是好事，但不要知道一个词就在不相干的地方狂刷。,189,1622949593
燕语悦读,[打call]这绝对是子柒今年目前为止的视频中我最喜欢的一个！！看上个视频时就被花圃花墙们和流觞曲水桌夺去了目光！！！没想到这桌子真的是子柒自己做的！！！看到子柒堆假山做微缩景观时真的感动得眼眶红了，为智慧为勤劳为文化自信[爱心],173,1622906145
GauzePadsss,去某管看了一下评论，看到大家都在夸我李姐心满意足回来了哈哈哈,163,1622917083
必有妖人指点,"永和九年，岁在癸丑，暮春之初，会于会稽山阴之兰亭，修契事也。群贤毕至，少长咸集，此地有崇山峻岭，茂林修竹，又有清流激湍映带左右，引以为流觞曲水，列坐其次。虽无丝竹管弦之盛，一觞一咏，亦足以畅叙幽情。
古人仿照驱邪祈福风俗，三五好友沿小溪列坐，置酒杯于溪中，顺流而下，停于谁前，此人便将杯中酒一饮而尽。直至尽兴而归。
后世文人在饮酒同时，还得赋诗一首，或是互相咛诗作对，抒发胸臆，增进情义，同时抒发文采报复。
将之比做仅有填报肚子之用的活动，简直荒谬。
多了解历史，才会为自己能生在中国，认得汉字，识得诗词，赏的风月而自豪，",161,1622975304
小时不小时,啊啊啊哈哈哈我来了看完这个就睡觉祝自己高考加油成功上岸！！！女神女神千万保佑保佑,135,1622904772
特玛托队长,"准备抄袭的人:抄不来抄不来[捂脸]
溜了溜了[囧]",134,1622942310
kim和shego,@手工耿 进来学习[doge],129,1622907959
在等你靠近,希望高考一切顺利[给心心],109,1622904470
逆水寒手游-倾书,第一次这么近！！！我想上个热评！然而情商限制了我的发挥 那就祝姐夫们心想事成 身体健康[妙啊][妙啊][妙啊],99,1622904256
猫噢嗷咪,最近看到hgr直接抄袭中国古风发型了，那种头包起来还有花的和明代服饰一起搭配的头发梳起来绑在侧边的很温婉的发型。古装剧，江南什么的很常见的，他们都要偷了。本来除了辫子他们没有跟中国类似的发型了，而且很多是靠古代发型发展出来的架空古风。,91,1622974797
面朝大海_喝旺仔,仙女下凡[鼓掌],90,1622903783
多尔衮三滚,"今天来挺早！想拥有子柒姐姐的心灵手巧那是不可能了，那就……
让一下，摆摊咯！😏
୧⍤⃝🥖长棍面包
୧⍤⃝🍔汉堡
୧⍤⃝🍟薯条
୧⍤⃝🍗炸鸡腿
୧⍤⃝🍕披萨
୧⍤⃝🌭热狗
୧⍤⃝🥪三明治
୧⍤⃝🌮可乐饼
୧⍤⃝🥙夹馍
୧⍤⃝🥘海鲜披萨
୧⍤⃝🌯鸡肉卷
୧⍤⃝🍡三色小丸子
୧⍤⃝🍲炖土豆
୧⍤⃝🍱便当
୧⍤⃝🍘仙贝
୧⍤⃝🍙饭团
୧⍤⃝🍛咖喱饭
୧⍤⃝🍜拉面
୧⍤⃝🍝意大利面
୧⍤⃝🍣寿司
୧⍤⃝🍤炸虾
୧⍤⃝🎂大蛋糕
୧⍤⃝🧁纸杯蛋糕
୧⍤⃝🍰小块蛋榚
୧⍤⃝🍮布丁
以上通通一个赞，一个赞你买不了吃亏，一个赞你买不了上当，真正的物有所值😏",76,1622905630
飞云逝月,[捂脸][捂脸]人家给你展现心中向往的田园生活的意境，你在这扯真实？你咋不去看农村生活纪录片？闲的蛋疼吗?,72,1623475140
爱吃炒黄豆的兔子,据东汉杜笃《祓禊赋》的描绘：“王侯公主，暨乎富商，用事伊洛，帷幔玄黄。于是旨酒嘉肴，方丈盈前，浮枣绛水，酹酒醲川。若乃窈窕淑女，美媵艳姝，带翡翠，珥明珠，曳离袿，立水涯，微风掩壒，纤谷低回，兰苏盻 ，感动情魂。若乃隐逸未用，鸿生俊儒，冠高冕，曳长裾，坐沙渚，谈《诗》、《书》，咏伊吕，歌唐虞”。此时的“流觞曲水”已经成为了王公大臣、文人墨客春游欣赏美景跟赋诗作文的娱乐活动了。,70,1622907010
与天奋斗_其乐无穷,流觞曲水让我觉得，古代文人骨子里的那种浪漫，真的就感觉，诗词，古文，那种写出来的东西，是动了真感情去写的，是有情感在里面的，这是一种我们的文化遗产，这不是几个人围在一起蘸着口水吃席[辣眼睛]，而是人在这一小方天地的，与自然的那种和谐共生，是人与人之间的真切情感的交流。友人难得空闲，围坐在一起，挖沟引水，然后喝酒吟诗作赋。。这在我看来是一件很美的事情，是属于我们的文化，它不应该被商业化，还那么恶心的搞一个什么寿司，小日本就是贱，现在评论区某些说它像啥寿司的人也一样，就尼玛离谱，本都忘了，恶心[辣眼睛],70,1622992072
小云姐的日常,"为什么要学文言文古诗词？为什么这些没有被从课本中删除？这个视频就是答案
很多东西可能刚开始体会不到其中意境，只觉得枯燥乏味，但你的脑子里起码有了记忆有了初步认识
就是为了让你在看到这种视频知道这是“流觞曲水”，而不是回转寿司[OK]",64,1622961259
#NAME?,酿泉为酒，泉香而酒洌；山肴野蔌，杂然而前陈者，太守宴也。宴酣之乐，非丝非竹，射者中，弈者胜，觥筹交错，起坐而喧哗者，众宾欢也。----比起《兰亭集序》，我个人认为《醉翁亭记》更能展现这个视频里的场景。,57,1622904941
发麻麻的乖宝贝,"那年李子柒追了我三年 ，表白了两次我都给拒绝了。
前几天她说她很想我，没想到今天居然大老远的过来看我。
这一次我没有拒绝她，她哭了，哭得像一个孩子。
这也许就是大家所说的白日做梦吧。",57,1622903881
期末考加油呀,各位高考加油！山重水复疑无路，柳暗花明又一村！[打call],53,1622903959
カチャカチャ,其实每次看到什么“谁娶了李子染就太幸福了”啥就很尴尬，这什么意思？已经决定好了要白吃白喝了？觉得李子染好看还这么厉害喜欢喊是自己老婆就算了，“娶妻当娶李子染？”你老婆是按条件找的？先不说你不觉得有这条件还等着别人来娶？而且甚至有点浪费？其次虽然有点过于天真但妻子首先不应该是你喜欢这个人吗？“妻子”还需要什么条件吗？是你自己的“喜好”附加在了你的“妻子”上了吧。我其实以前看到那些“我有男/女朋友了”、“我想要个男/女朋友了”之类的发言就有点觉得很有目的性（有点动机不纯），就是带着目的去找对象的。虽然也没啥，是个人都想找个合适的伴，但总觉得还是“我和我喜欢的人在一起了！”、“我有喜欢的人了！”这种恋人更加真实一点。也希望李子染是能遇上喜欢的人在一起的。还有还有！果然我还是希望李子染的对象是能照顾她的！不然不就只是白养了个人吗（虽然她自己喜欢干啥都行），我个外人也不能说啥，但就是不想她被占便宜xxxxx看她厉害就使劲利用的赶脚( ･᷄д･᷅ ),51,1622942297
醋拌柠檬甜不甜,"越来越觉得姐姐是神仙了，心灵手巧长得又漂亮，只有姐姐不想做的，就没有姐姐不会做的，每一次都给我们带来惊喜 。
以前听过古人归隐山林或田园，还好奇“他们不会孤单吗”“那样多没意思啊”……
慢慢的，在经历了许多事情，见过了各式各样的人后，我开始也向往着这样的生活，校园暴力让我更加想逃离学校，逃离一切，我想过放弃，却又不甘于放弃，活着太难了，真的太难了……姑且暂时给自己一个坚持下去的理由，我只能这样了。
感谢姐姐的视频陪伴着我，希望姐姐和婆婆能一直这么平淡快乐下去，希望b站的各位都能有活下去的希望，希望我会永远在这里🙏
我们都有一个光明的未来。（抱歉抱歉，啰嗦了半天）[tv_腼腆]",48,1622912360
咖面耐哒,回转寿司的小桌子可铺不下王羲之的纸墨笔砚,47,1622997737
正人君子丷,"我是开头的木床，我在现场，东西都很香，姐姐很好，先祝大家身体健康。牙好胃口好，吃嘛嘛香。

要高考的都金榜题名，考个理想的成绩
打工的社畜都能摸鱼，每天准时的下班
要搬砖的兄弟砖不烫手，每天干三碗饭
到现在为止还单身你们，今年能找到另一半

下半年大家都要
身体健康，万事如意，事事顺心，遇到想遇到的人，完成想完成的事，加油，陌生人！我顶你个肺！

最后我会帮大家照顾好子柒姐姐的[狗子]",45,1622907790
冷空气持续影响的北方,居然连桌子都是自己做的[哦呼],44,1622904046
是白鱼诶_,好喜欢看这种改造的！子柒姐姐yyds（孩子第一次这么前，激动得手足无措[doge]）,43,1622904075
64332953264_bili,姐姐国外疫情现在还是挺严重的，你这发到外网上还让不让人家活了.....善哉、善哉！,42,1622907404
谢小玩-,"李子柒确实带火了中国一些传统文化，但是更多的是田园方面的东西。有时候想想为啥这方面的会火的，不可否认确实是拍的唯美，有内涵！但是另外说，也是西方就认为我国只会玩这个，没有啥高科技，创新的东西（让这些田园方面的东西火了不会影响西方的统治地位，更会加深固有刻板的印象！）
愿子柒更好，愿我国更好，中国的科技 智慧 文化真正走出世界！！",42,1622948745
詝楚,最烦那些瞎许愿的，真晦气，有空在这许愿不如把手机放下来去学习，不是你在这里刷个屏你的教资就能过你就能上岸的，醒醒吧[疑惑],40,1622965157
八月小十六,我喜欢子柒视频里带来的岁月正常流逝的感觉，不是那种匆匆忙忙，来不及喝一口茶，看一片云。视频里水面的油花，裤脚的泥土，都让我觉得安心。子柒的视频，是我可以逃避的地方。,39,1622908861
浪海无痕,这个桌子如果还能烫火锅就无敌了……[滑稽][doge],37,1622918189
碇_唯の梦,印象里的曲水流觞还是在课上听老师讲兰亭集序的时候，记得课件上曾有幅插图，里面十几个文人雅士沿着溪流席地而坐(倒不是那种桌子)，溪流上盘子里盛着酒，酒到谁跟前停下，谁就即兴赋诗一首并饮酒，真的是高雅的游戏，所以别在跟那什么回转寿司作比了，毁意境啊[笑哭][笑哭],36,1622996763
小问号朋友多多,得想办法娶了这个女人,36,1622905739
群风飘飘,中国的传统文化有可能会被小子柒全部做一遍，这孩子也太优秀的哦，中国的传统文化有可能在李子柒的 带动 下 将来一定会火遍全球的，我们中国人应该以她为荣,31,1623026231
缤纷苏打梦,柒姐这个泡茶手法一看就是很正宗啊啊啊啊啊！是有去学过吧，这个太强啦呜呜呜呜呜呜好感动，以前看小说看到那些泡茶情节就会想到底是怎么样的，今天看到啦！太棒了！！！真的好棒，我们的本土文化就是强啊！！！！（呜呜呜我在胡言乱语什么）,31,1622909087
Anniyai,我家好像也有这些材料[滑稽][滑稽][滑稽]不对我缺的是材料吗？不是，是像李子柒姐姐这样一双工匠的手[大哭][大哭][大哭][大哭][大哭],30,1622906159
喜欢高跟鞋踩猫,这更新是我没料到的[给心心],29,1622903913
教编程的编程君,"Li Ziqi's video really can let a person relax, see her video feel a day of fatigue are not[给心心]",29,1622903956
执子闲落花,"为什么会觉得是拍普遍意义上农家生活呢？李子柒给我的感觉是她在向他人传递一种她自己的生活美学，她自己的农家生活或者说桃花源。我们应该感受、欣赏美，甚至去学习，而不是去纠结，质疑。我实在认为没有任何这样做的必要，因为这一开始就跑偏了.. 
当然，上述仅是我个人观点。",28,1623343266
摩尔曼斯克港2003,小馋猫就知道你们会按点那个按时间排序来看[doge_金箍],28,1731402836
坏未来_好未来,不是，其实我一直有个疑问，就是她从来没说她拍的是真实的你们想象中的农村生活，她拍的一直是她自己真实喜欢的生活，不太理解你们一直说她拍的内容不符合什么什么到底是为了什么，如果她嘴上说着标榜自己拍的是中国真实的农村生活那你们评论我无话可说，你说你关注她的时候挺早的，不知道为什么关注那么早还没看出来她到底在拍什么，我也是从17年就开始关注她了，那时候视频也没那么长，也没有人说她拍的东西不真实，可能是近两年国际影响力增加了，媒体觉得她影响力大了，就开始宣传她拍出了中国传统文化，但是其实我感觉都只是拍出她感兴趣的东西她认为重要的有趣的东西，你们总说她拍的东西不真实，可是真实的东西你们又不爱看，我就不信我拍个我老家爷爷一天做农活的视频能有这么高的播放量了，如果让你们选一个视频给外国人看，你们是选择李子柒的视频，还是抖音上的一些也是拍农村生活的视频，比如牛爱芳，还有那个什么同学的视频，我会选择李子柒，在看什么视频上每个人都有选择的权利，你们爱看谁看谁，我不会觉得看牛爱芳就比我低俗了，但是如果要选择一个给外国人看我会选择李子柒,27,1642728370
零五鸽子05,！我还以为这个桌子是买的！！！看到的时候还在想这个桌子每个大几万下不来呢[跪了],26,1622904582
辣子人,"虽然但是，那个中间粉粉的多肉是药锦哦，就是用药破坏了植物叶绿素，使其呈现出粉色或白色，这种多肉很容易死的，希望大家买的时候也注意一下，中间一团白的那种就是了。
（出锦是多肉叶片呈现浅色竖条纹纹样，算是植物变异吧，因为很好看，所以很多商家就用药冒充多肉出锦）",25,1622910188
长橘猫的兜兜,"王羲之大大的《兰亭集序》有画面啦[打call][打call]，之前古文里的“曲水流觞”有了具体的形象，爱了爱了。
     曲水流觞，意为欢庆娱乐还有祈福免灾，希望子柒姐姐和亲朋好友、还有看到视频的大家都好的带来、灾祸抹去，欢欢喜喜过日子[给心心][给心心]！",25,1622909780
欧阳竹然,农村人看出这就是农村生活，不过是滤掉了辛苦流汗部分，只看到安宁与祥和,23,1623132235
秋乏___,考古的都上千人了 这波太火了,21,1731659706
烂番茄不是西红柿,好怀念啊，母校也有流觞曲水桌。那时候老师带着我们一起种茄子葡萄百香果，然后一起坐在桌上吃东西。回不去了啊,20,1622970342
池小池061_,子柒姐姐的心确实很静，每一次我在看她的视频，总想：她是怎么做到那么静的，就是那种一旦做一件事，就全身心投入，什么都不能影响到她。很多次想要学习她的心境，然后沉下心去复习，但总是会被各种小事影响到，不管怎么说，还是以姐姐为榜样努力吧[奋斗]，我也要高考哦，明天就要考了慌得一批，加油什么的就不说了，你会的吧宝贝[doge]，因为我也是[奋斗]，毕竟严格来说只有一次，期待明天李子柒的耐心和专注力吧[拥抱][拥抱][拥抱],19,1622943246
Ran丶II,上次的桌子果然不简单，果然是连续剧[鼓掌],19,1622904219
宇宙网红小宋,我是个黑客，你们是赞不了我的，别费劲了,18,1622952072
一念千万间,有人表示这种生活不适合农村人，只不过是我们看到表面罢了，常言道台上一分钟台下十年功，你看到的一次性完成，其实不知道别人私下多少次尝试，多少次失败，用时又有多久，十岁那年我为了看星星舒服就自己做了张摇摇椅，农村里并非每天都在忙碌的，是有忙碌季的，但自己分配好时间，其实量也不算大，我很佩服李子柒的执行力,17,1731575615
不會泳游的魚,三年前的视频1000+观看，也是第一见,17,1731569905
猪搁锅里,这不比向往的生活更向往啊,16,1731590320
玄煜v,李子柒！ 现在韩国一直在推进东洋文化和韩服混淆视听，希望李子柒能多做汉服相关的视频，标题就应该打上ancient China clothes-hanfu！！！,16,1624851008
壹寸土竹,她又更新了，她心里有我[星星眼],16,1622908334
1重加,要是她穿越了绝对不会饿死，还会成为一代富豪，说不定会上我的历史书，不像我穿越过去。哎。。。。,15,1622984080
_syluskitten_,她是女朋友，我有一张嘴，我说是就是,15,1622904054
正经人谁单推啊我都要,都别馋了，一桌子菜，除了桃子啥都没我们份[滑稽][doge],14,1622958192
深深和子柒都是我的,子柒是什么神仙[喜欢][喜欢][喜欢]？太强了，上个视频就被这个曲水流觞桌给惊艳了，猜测是自己做的，没想到是床[给心心][给心心][给心心][给心心],14,1622905907
自由的风ovo,这么多年了，涌现了很多同类型的创作者，也不乏很多高质量的作品，可是都没有子柒的视频带给我的那种感觉……快点回来吧。,14,1721006494
微笑的普利尼,什么叫文化输出？（战术后仰）[热词系列_吹爆],13,1622909094
-爱爸爸爱妈妈-,终于又等到姐姐自制家具啦！最喜欢看这个系列！！[大笑][大笑][大笑],13,1622903873
双下巴重十斤,好像落掉这一期了……看的过程中就一直想起我的爷爷……我也是农村的，我爷爷虽然是残疾人但是他还是特别不服输特别能干，他最爱做的活就是木工活，虽然没了一条腿，但是每天还是会在院子里用那些工具叮叮当当做些什么……包括自己的双拐就是爷爷自己做了一副又一副……我最喜欢的就是跟着爷爷打下手，喜欢玩刨子玩锯还喜欢玩墨线盒……爷爷已经去世十年了，真的好想他[难过],12,1624622951
DH-振弦,我说这水泵的电哪里来的，看到用钉子铺设电线杆就明白了[嗑瓜子],12,1622910194
月亮替我落笔,第一次认真看李子柒的视频，全程看着这个桌子制作完成，简直惊呆了，好牛，好强的动手能力和审美。每个视频bgm和画面都好美，太美好太恬静了，以后学习的时候可以旁边放着当背景音,12,1731429655
一日之计在于饭,"这弹幕真的逼得我停下来发个评论，真的一出现星空一堆许愿的[辣眼睛][疑惑]次次这样也太影响观感了，不想说狠话[微笑]
但话说回来，子柒姐姐真的太厉害了，点赞👍🏻[星星眼]",11,1624618524
saleisha555,好羡慕这种生活，就像是世外桃源。不是没有生活在农村，但是这种会过生活，用身边的东西把日子过得有情调，只要用心去过，也能把朴素的农村变得古色古香,11,1622904435
生死亦斯,三分钟！嘿嘿嘿，超级喜欢子柒姐姐的！一直很想努力工作以后也过上这样的生活～和自然贴贴真的太妙了！[给心心],11,1622904060
灵鹫宫公主,看到某些up主用子柒一模一样的感觉，极其类似的题材拍的作品，真的真的很想评论想子柒了。。。但是不能ky。。只能来姐姐的视频底下说[大哭][大哭],11,1666024005
模糊的红房子,不好意思，币没了，明天补上[呲牙],11,1622903876
cllllla,优美版手工耿[点赞],11,1622904803
火锅与猫咪,热评机会在眼前却想不出来骚话[doge]只能夸姐姐好美[OK],11,1622903885
64332953264_bili,外网的一帮老外估计都看傻了，拿着吃了一辈子的汉堡和可乐气的瑟瑟发抖，难道我们是猪吗！,11,1622906710
自爆型以太之光,"此地有崇山峻岭，茂林修竹，又有清流急湍，映带左右，引以为流觞曲水 ，列坐其次。   
                ----------王羲之《兰亭集序》",10,1623036441
莫离·3·,想你了姐，啥时候回来啊[大哭],10,1731259713
闻女神异味录,引以为流觞曲水，列坐其次。虽无丝竹管弦之盛，一觞一咏，亦足以畅叙幽情——《兰亭集序》,10,1622978768
呆呆希小拾,仙女下凡[给心心][给心心]祝即将高考的小伙伴们金榜题名呀[给心心],10,1622903878
全年全市全校三好学生,来的早，想不出骚话[doge],10,1622903821
_syluskitten_,三分钟,9,1622903992
---Enkidu---,"补发，视频评论正在被删除，有内幕
我看是你删的快还是网友发的快
没发现这个视频好怪吗？
柒姐之前的声明视频什么时候用过配音？而且还只是开头报了个名字就切画面了，后半句话都不是柒姐真人出镜
柒姐怕不是毫不知情的被mcn发了律师声明吧？想要柒姐真人出面解释一下此事！！
不是，四千多赞在我眼下消失了[哦呼].",9,1651329580
飞越紫雨海,大胆猜测一波：其实一切正常。只是如同原评论作者所说是他多想了然后自己删了评论，但网友不知情误以为被删，于是开始刷屏。前排热评反复消失出现是因为评论区因为太多人而炸了出的bug。嗯当然都是我猜的[妙啊],9,1651330971
账号已注销,"都好几年了，还有人搁这真实不真实的。
人家视频做的主题就是桃花源，你来这找真实？有空工地搬砖还不够你真实是吧？[疑惑]",8,1623962496
世有七风,看子柒姐姐做桌子，感觉非常熟悉，又回到了小时候，我爸爸和爷爷都是木匠，板凳桌子柜子都是他们自己做的,8,1622984094
YSLOVEXO,勤劳，智慧，文化自信。感谢柒姐让我能再看到那场流觞曲水。,8,1622909357
孤勇旅贤者,"曲水流觞，满堂茶香，
流觞曲水，子柒绝美，",8,1622906212
鑫地火号,只有热爱生活的人，才能拍出这么美，自然的视频,8,1673271301
御暮婉,为什么有人要质疑她？这确实不是农村人的现状，但是他的视频都是农业社会的智慧啊！她只是用自己的能力和智慧把她心中对于田园生活和传统文化的美表现出来而已，子柒也没说这就是农村人的生活日常啊。但是她通过视频拍摄，既可以让大家欣赏到理想的田园生活又可以学到传统文化，还能通过自媒体让自己赚到钱从而有时间和精力去经营理想的田园生活，继而给大家带来视频享受。这些道理难道很难理解吗？键盘侠就只知道质疑，不知道用脑子好好想想吗,8,1647605039
我要啸,有点不明白，这种神仙级宝藏UP怎么还会有人黑[怪我咯],8,1645028960
是性感的双眼皮,"资本好手段啊！！
接力！！接力！！看你删的快还是我们接的快
没发现这个视频好怪吗？
柒姐之前的声明视频什么时候用过配音？而且还只是开头报了个名字就切画面了，后半句话都不是柒姐真人出镜
柒姐怕不是毫不知情的被mc发了律师声明吧？想要柒姐真人出面解释一下此事！！
(转自评论区 一被发现就会被删)
资本好手段啊！！
接力！！接力！！看你删的快还是我们接的快
没发现这个视频好怪吗？
柒姐之前的声明视频什么时候用过配音？而且还只是开头报了个名字就切画面了，后半句话都不是柒姐真人出镜 
柒姐怕不是毫不知情的被mc发了律师声明吧？想要柒姐真人出面解释一下此事！
转自评论区 一被发现就会被删！  难过][脸红]",8,1659850273
声之能力者,这不是大多数人眼中真实的农村生活，但这是真实的李子柒的生活。这世上不会再有第二个李子柒，所以我们只需要欣赏就可以了。,7,1623046332
108人格的上班族,能不能别每次出现星空就开始弹幕许愿，你爽了别人看的怎么办？不会真有人以为喜欢看你许愿吧,7,1622958119
肋骨骨折小熊软糖,为啥弹幕里这么多人提某个综艺…好好看视频不行吗，怪烦的,7,1622951519
我爱达不溜-,上一个视频里的桌子，看的时候就觉得超好看,7,1622904176
土已逗,大家以后可以这么拍，风景延时素材拍完一年四季，全部按日期编好，然后再去拍生活记录，对应好时间，画面就丰富好看了,7,1731752383
jujuju好运来,姐姐什么时候回来啊，呜呜呜呜,7,1686925363
小小的大明星,有人总是说李子柒的视频不真实，说农村没有那么美好怎么怎么！我只想说，在真正热爱劳动、热爱乡村的人眼中，劳动、农村就是这么美好的！他们不是不知道农村何苦、很累，但他们就是能在这种苦和累中找到、感受到那种劳动、农村所特有的美！并且为了她能够更美好而努力奋斗！这种奋斗何尝不是一种美呢？这种美难道不是一种深入灵魂、直达精神的美吗？我们常常说劳动最光荣！劳动者是最美的人！难道这光荣和美当中不包括这种奋斗美吗？[给心心][给心心][给心心][加油][加油][加油][支持][支持][支持][月饼][月饼][月饼],7,1662841322
诗千瀑,朝辞白帝彩云间，千里江陵一日还。,7,1622905349
一口吃掉过去,这不是农村生活，而是每个人心里的那一块梦想的生活。子柒带来的是现实的画卷，带给满足在为生活忙碌奔波的我们，心中那一片永恒的净土。,6,1625382512
青山可顾,"啥都能吵起来，奇了怪了
拿什么 是不是流觞曲水 作文章，故意找事是不是？标题明晃晃的“流觞曲水桌”，图的就是个意境，人也没说复原流觞曲水，怎么，这算输出文化有误？与史不符？哪个人规定了流觞曲水就是兰亭集序里的场景？按这样，月兔号是不是得给兔子加个机械外骨骼送月球？蛟龙号是不是得先基因编辑出一条龙出来先？海南号是不是得造个海南岛形状的甲板？天河一号是不是得拿星星做芯片？神州七号是不是得要把960万平方公里送上天？？？奇了怪了",6,1624710836
也无疯语也無情,今天看了清华美院的眯眯眼设计[微笑]，赶快到子柒姐姐这拯救我的双眼 [妙啊][辣眼睛],6,1624020203
andumandum,最近因为压力大开始看李子柒视频作放松，李子柒的拍摄塑造了中国人心目中理想的田园生活，无所谓什么假不假，就如同大同社会，那是一种还有距离的追求，李子柒的团队留住了现在繁忙生活的人对于田园、对于另一种生活方式的美好向往。,6,1623035503
尘衮,啊，我曾经试过结果碗到水里被妈骂了[笑哭],6,1622978841
黑天鹅一定很可爱,"竹林有仙境，归去伊人兮。
洗水复洗木，泉涌照人兮。
虫鸣争与鸟，曲儿动人兮。
风和日落暖，光阴爱人兮。",6,1622905483
李子小姑娘,"都来这么早啊，赶紧找个位子坐
💺💺💺💺💺💺💺💺
💺💺💺💺[打call]💺💺💺
💺💺💺💺💺💺💺💺
💺💺💺💺💺💺💺💺 ",6,1622904753
Chihiro90210,最喜欢的一集 喜欢这个桌子,6,1731604245
SpiderMay,感觉姐姐的每期视频都能用文言诗词来概括，太美了,6,1731732984
我非柠檬为何欣酸,欢迎回来,6,1731630693
阿温yielenier,看完最新的视频又跑来看旧的了哈哈哈,6,1731415887
aaa浙江浴桶批发商,是谁23年还在看老视频[tv_大哭],6,1673178608
黄桃小丸子,怎么直到现在还有人吵真不真实的农村生活，这个辩题一出来我就觉得是找茬的，一样米百种人，凭啥啥样的阶级就得一定是固定的生活状态，世间百态异彩纷呈是这种阶级固化刻板印象的人不能理解的。何况李子柒在我看来就是现代陶渊明，人见识过很多东西，有审美有情趣有追求，在农村过得如鱼得水甚至趣味十足怎么了？陶渊明那个时代不一定能过上这样的生活甚至清贫如洗，但本质上两人发现生活的美的能力是一样的。,6,1647598197
念春野i,[doge][doge]说实话，很多人说农村根本不是这样的我只想说，人懒就没办法了，老农村的人大家天天就是种地想各种办法吃饭，根本就没有心思弄的好看，农村自己家脏不拉机的丑，就不能看到别人好,6,1622947303
靖钎,"在这里说一嘴题外话 
李子柒姐姐在制作流觞曲水桌的时候 所运用到了一些榫卯技巧 ，榫卯结构在2010年被韩国以大木匠的名称申遗成功 
小偷国太恶心了 （不接受反驳 ）
[翻白眼][翻白眼][翻白眼]",5,1631021991
柔若彩虹,而且这更多与古代的文人墨客休闲生活有关，并不只是农村,5,1623407659
一夜好眠__,弹幕素质都哪去了啊天天许愿天天许愿。也不知道每次我都在弹幕里强调几遍到底有没有用……像是在做无用功,5,1623218185
藏荟no_chili,"子柒:隐居
华农:村霸
[doge]",5,1623162680
葫芦岛历史哥,永和九年，岁在癸丑，暮春之初，会于会稽山阴之兰亭,5,1622985116
天为谁而春,真名士自风流！,5,1622973711
Karen_enjie,看到这个桌子，马上就想到兰亭集序，边乘凉喝酒吃茶边对诗写字，风雅趣味。这桌子用在高端茶馆和私房菜馆肯定很不错,5,1622957688
打劫入画,旋转小火锅,5,1622904549
明月卿卿,各位姐夫又来看姐姐了,5,1622903950
-行止由心-,瞅瞅，啥叫人气[脱单doge],5,1731669601
hongyu235,采菊东南下，悠然见南山。但你要知道陶渊明是什么家世，陶渊明可不是苦哈哈的贫民百姓。。,5,1731580960
福气车库,这么多年了，涌现了很多同类型的创作者，也不乏很多高质量的作品，可是都没有子柒的视频带给我的那种感觉……快点回来吧。,5,1728644060
世季pedro,三年了，都还好嘛，还是很希望回归拍视频的,5,1727500533
裕逸福,3年了,5,1714834477
开心冠军JOMOMIAO,是不是要回来了！期待新视频！回来回顾一下,5,1672227248
是耶耶耶x,才发现好久没更了，希望能渡过难关继续发视频,5,1656938475
落白青山,姐姐 说不定今天晚上你也在流觞曲水桌上和婆婆姐姐吃茶吃果子 希望你一切安好 自在随心,5,1656173178
来自未来的溺水者j,两年前的视频8人观看，是不是同一个社团，三班老师让我们看[脱单doge],5,1685258720
宫小傲,"接力！[热词系列_你细品][热词系列_你细品][热词系列_你细品]
 合理的怀疑复制了25版，大家可取，较全面
疑点
只有开头的视频是本人露面，口型只对上了最平常的自我介绍。接着就不接画面了，放律师函。奇怪的是声音和子柒本人完全不同，用的是配音？有人质疑，高赞，很快就删评了。接着就是大规模删评控评，几分钟前还在评论区回复了大家，调笑的口吻说“水军”“下场”让移步微博。合理怀疑这个账户已经被另一方控制了。
他们利用她的名声，大肆榨取利益，宛如吸血的虫子。利用品牌卖的食品，收益全归自己，质量上如果出问题，骂名全让她背负。说真的，实在无法理解为什么这个世界上会有这么恶心的吸血鬼，不过这个世界上有的是为了钱什么都做得出来的人，就想明白了。希望这个世界上所有的虫子都在阳光的暴晒下化为灰烬，谢谢。
我看是你删的快还是网友发的快
没发现这个视频好怪吗？
柒姐之前的声明视频什么时候用过配音？而且还只是开头报了个名字就切画面了，后半句话都不是柒姐真人
为了钱真什么事都能做啊？？？李子柒好好的文化输出就被你们这样坑骗？有意思吗？中国人就坑中国人是吧？没脑子的资本连资本都不算，小丑罢了，得意什么？以为网友都是傻子？
注意第2条，如果真的是想要保护李子柒本人的话，这里声明写李佳佳会更好，可为什么要写李子柒这个账户名呢李子柒又不是她真正的名字？我说有没有一种可能他们想保护的只是这个账号，他们在玩文字游戏！万恶的资本！！！！
我没有刻意关注柒姐，只是听说过。
然后就是虽然我感觉自己被当刀了，但是相较于微博，我更比较相信b站。而且我们就是在合理怀疑账号是不是在本人手上，还拿账号发布的信息说账号在本人手上，你不觉得很傻吗？
怀疑的理由有一点我比较关心，就是基本上不用配音的柒姐为什么会在发律师函的时候用配音？虽然在某凡事件后，律师函就挺搞笑的。但是我还是觉得挺严肃的，就是这严肃的场合突然用配音，真的很奇怪。
说到底，只需要柒姐用这个账号开个直播，或者录个视频。本人亲自说是在自己手上就ok了，可是一直没等到，而等到的是和微博一样的删评控评。你不觉得很奇怪吗？？
继续删呗，看是你们删的快还是我们发的快！",5,1653268568
医yx,现在还有人在看吗,4,1723557230
超级keyboard侠,怎么会有弹幕催嫁啊，还有弹幕说和谁谁般配的烦不烦啊。,4,1641804138
直心飞扬顺鑫,那些挂名商品，是她同意的，还是公司的事？这点不明白我根本没有底气啊,4,1640581973
一只老刘头儿,子柒姐姐，我是你的小粉丝，朋友她爸14号早上突发脑出血，至今昏迷不醒，还在重症监护室躺着，已经花了将近20万了，但是医药费远远不够，我们希望你们这些大UP主帮我们转发一下。因为我们都是刚毕业不久踏入社会的学生，圈子很小，没有太多人脉资源，导致我们的求助消息扩散不出去，希望你能够帮我们一把，万分感谢🙏,4,1639708353
slytherin_iroha,催更[脱单doge],4,1625651268
ymir-炎瞑,我直接把李子柒和罗翔老师列举在今年的高考作文里了，兄弟们我做的对吗？,4,1623862515
小莉帮忙,子柒yyds！[热词系列_再来亿遍],4,1623137688
Euphoria-喵-,助理越发的圆润了 肯定干不动活了 我觉得我可以替代她[微笑] 我瘦还有力气且好养活[OK],4,1623084480
孟浪之言,看完了这个视频 我把家里门板拆了 现在在医院 wifi信号挺好的[OK],4,1622992348
梦逍遥づ,"所有人:考试加油[蛆音娘_生气]
中高三生:逛B站[蛆音娘_机智]求祝福[蛆音娘_卖萌]",4,1622988737
LW8196,今天我离开工作十年的单位，希望这就是我的新生活吧，自己追求的生活。,4,1622941268
張明泚,毕业一年站在人生的岔路口茫然徘徊，感觉各种路都可以前行，但是不知道属于自己的是哪条。每次都很期待子柒的视频，看她安安静静的做饭干活心里就很平静，其实自己想要的生活一直很明确，但是实现的路很难，所以感觉每次看视频自己其实是代入式体验来获得满足感。好吧我也不知道自己在说什么，絮絮叨叨一堆，就是看了视频很感动每次都想哭😭希望姐姐和自己每天都开开心心，顺顺利利的❤️,4,1622937511
不可爱的胖芒,优秀已说嘴软，但还是得夸，好好看哦,4,1622908769
罗罗大大大-,53秒的猫：呦西[笑哭],4,1622905462
梦湖底,来波语文高考作文押题:建党百年，我们应该怎么做[OK],4,1622904804
没有昵称了居敏,真的绝，每次看李子柒的视频都会发现她的新技能，多才多艺，就是干大事的人,4,1622904571
我要健身啊啊啊,这就是上个视频里面的曲水流觞桌子鸭！！！,4,1622904072
铜锣卫门和野比伸太,子柒姐姐最近更新视频更新得好快啊！爱了爱了[热词系列_爱了爱了],4,1622903915
浪潮恋黄昏,仙女姐姐好!,4,1622903886
就快看见太阳了,狗都睡着了， 姐还在忙活[doge],4,1731597845
星枝映海月,想她了[大哭],4,1723795917
Mia南瓜酥,一直在等着你回来,4,1718282870
ringingenr,看到审美疲劳（褒义），太多没见过的美好的东西了，这才是真正的向往的生活，竟然没更新了，伤心。,4,1696324872
迦摩之爱,看到你就想到魏晋杂文，想到归去来兮辞，想到王维的清泉与吟啸，诗意提炼后的田园之美。今天在油管刷了几个小时你的视频，现在又回了b站给你投币。期待与你再会,4,1673980198
胖胖和羸羸,姐姐好厉害，我想起学校金工实习被我锯断了三个锯子[妙啊],4,1622958805
邈音rzt,怎么还有人忍心黑别人,3,1635002806
世界斗士,"不想努力了，我躺平了。
落实人类最后的工作日，拜托各位了。",3,1633097417
弹弓子打玻璃,桌子自己做的就算了，假山盆景也是自己摆的，甚至植物都是山上取的[笑哭]，超人般的子柒姐！人民群众的智慧果然是无穷的！,3,1632055712
我是ops,弹幕别总是提什么男朋友结婚了，就算里面没有男朋友，轮得到你吗？你配吗？看视频就好好看，别整天yy些不可能的事情，痴心妄想的事情少做。,3,1627324525
欧欧已减20斤加油,一个月过去了，新的视频何时出来呢，期待中,3,1626260905
这个世界到底是怎么了,多年以后，“爷爷别等了，你关注的up主还没更新呢”,3,1626221391
要不还是给点隐私吧,等啊等,3,1626024421
蒲浦噗,等等等…,3,1626014736
花枝灬,一个多月了，咋还不更新呀,3,1625895355
可不敢看私信,粉丝这么多的up为啥从没上过我的首页推荐[无语][无语][无语]成天推送各种低创视频……搞得我一直以为b站没有她……,3,1625472446
王大山风,这一期最后的bgm是什么？,3,1625378669
北京协和精神科王院士,其实很期待你的HDR视频，这种环境以HDR播放出来画质简直不要太好[OK],3,1625054534
秘密的猫,我收藏了，我也要做一个，虽然知道自己做起来很难，但是还是想要试试,3,1624962567
过尽千帆皆不是l,简直是神仙般的生活,3,1624947668
百万阿婆的梦,我不信姐姐的菜都是自己做的，除非姐姐在隔壁盖个民宿给咱们住[doge],3,1624861918
风引蒲公英,她呀，你可以说她是农民，可以说不是，她那么多堪比纪录片的视频，还不足以说明她是一个爱生活，爱美的女孩吗？手的茧你以为是怎么来的呢？她真的很用心生活，也懂生活，也爱她自己对生活的态度，所以她放手去做了。,3,1623353263
李轻柔le,领家有女初长成，力拔山兮气盖世,3,1622984006
寡人先知,每当心情抑郁就看看她的视频，顿时感觉世界还是很美好的。,3,1622971697
肖途的守护者,永和九年，岁在癸丑，暮春之初，会于会稽山阴之兰亭，修禊事也。群贤毕至，少长咸集。此地有崇山峻岭，茂林修竹，又有清流激湍，映带左右，引以为流觞曲水，列坐其次。虽无丝竹管弦之盛，一觞一咏，亦足以畅叙幽情,3,1622956746
往事三块四毛六,"太美好了
            ——来自躺平者",3,1622909257
你看我我也看你呢,@手工耿,3,1622908449
爱吃炒黄豆的兔子,所谓的“流觞曲水”指的是选择一风雅静僻所在，文人墨客按秩序安坐于潺潺流波之曲水边，一人置盛满酒的杯子于上流使其顺流而下，酒杯止于某人面前即取而饮之，再乘微醉或啸呤或援翰，作出诗来。,3,1622906971
炸天帮二郎真君,我三连定了，耶稣都拦不住我，你选的嘛，子柒,3,1622906914
粥运发_,"苦累十年临考场，
耕耘四季夏收忙。
农夫学子同追梦，
折桂蟾宫库满粮。",3,1622904828
账号已注销,柒柒，这些茶艺也太棒了，以后让咱闺女也学[脱单doge][脱单doge],3,1622904232
打枪的不要111,周更up主。[doge],3,1622904223
然后Rania,2024年了 她回来了,3,1731606399
虹-郁,不但吃是享受，制作过程也是让人陶醉,3,1731485904
音爆比主唱好看多了,在这样一个比别墅还好地方住究竟有多幸福啊[大哭]…,3,1731504914
DDV_DRINKING,知道你们会来看[脱单doge],3,1731416916
YX二十,我想知道这个桌子里的水是什么原理，为什么会流动呢,3,1721290147
一起去做海盗吧,居然已经三年了,3,1717587745
卡姿兰鱼,重温,3,1713105502
零糖去冰温开水,看了滇西小哥热搜想念李子柒了，来搜索发现搜索词条早就是李子柒直接点进来了，没想到已经快三年没更，什么时候回归呢？这几年有没有准备好素材回归的话要直接出电视剧呀,3,1711632895
能活一天是一天-_-,2024了，姐姐，想你了，早点回来吧[桃源_欢呼],3,1704257916
大世界小艾米,有没有来翻作品的,3,1703254856
杜康酒巷深,两年多了，什么时候回归啊[大哭],3,1698841144
泪中有阳光,【2023抖音奇妙夜-李子柒宣传片cut-哔哩哔哩】 https://b23.tv/dmXpV0i,3,1696853899
阳光and空气,真的好难超越,3,1692069580
天塌了都别给我打电话,呜呜呜呜呜呜 啥时能更新啊,3,1687067792
跑堂小柒,看一半弹幕开始许愿了是什么情况[tv_疑问],3,1683548195
赖赖NO2,姐姐什么时候会回来呀,3,1682000279
恋恋洗衣店LYCU,我看啊，那些网络上那些不三不四的不知道是做什么的，他们勒又没有人家博主这种辛勤劳作跟付出然后看到人家过得好了吧，心里面又莫名其妙的对人家有敌意……～感觉这种人心理好扭曲啊～真的不知道哪一天心里不高兴了就冲出来上街拿刀一刀把人砍了！,3,1673744864
十月初思,这是我最喜欢的一个视频，在这里迎接子柒归来！！！,3,1672128131
思来想去就思来去吧,是谁点开了实时我不说[大哭]想念姐姐,3,1671372109
_暖阳春草_,好想你,3,1669360627
吼吼吼哈嘿哈嘿,我总感觉子柒姐姐三年没发视频了，原来才一年🥲,3,1658277925
布布保护协会,姐什么时候更新啊[大哭]好想你,3,1651263043
不要欢迎我呀,我想你了姐姐[大哭][大哭][大哭]快回来吧[保卫萝卜_哭哭],3,1648484761
故烧高烛照红妆-,冬天的时候，可不可以用热水保温[滑稽],2,1633143495
吃油炸小行星吗,李子柒，等你回来，加油！,2,1633073433
金丝眼镜湖南腔,"呵冻提篙手未苏，满船凉月雪模糊。
画家不识渔家苦，好作寒江钓雪图。",2,1632983659
青草搅拌机,【新华社独家专访李子柒：热爱可抵漫长黑夜-哔哩哔哩】https://b23.tv/6Z2CRT,2,1632951737
肥宅梦M,对比子柒做的盆景，我盆景课做的那些鬼东西更像一拖水泥了[跪了],2,1632926133
追风少年王几葵,我全程一边看一边不自觉发出“牛逼。。。”这样的声音.... 我也没什么文化 但是是真的 牛逼。。。,2,1631853697
闼荻,看到个星星就许愿是吧？[疑惑][疑惑],2,1627161901
茴一一一,真美好啊，每次看完你的视频心里都是一片宁静祥和还有不知不觉翘起嘴角的愉悦，非常感谢你给我们带来的作品[爱心],2,1626885966
倒影丿,@手工耿 看看人家变废为宝，你是变宝为废[捂脸][捂脸][捂脸][捂脸],2,1626406172
灰龙Huilong,这是我的农村生活印象：在我印象里，是父母一年到头都忙个不停，先采茶，炒茶叶到很晚，三四点就出去卖茶叶，梨田还有插秧，搞得满身都是泥巴，还有大栗子还有拾栗子，一不小心就搞得全身都是刺，再用架子车用人力拉回家，山上离家很远的，总得看着这些作物，收割稻子更累，好不容易有时间还要种菜什么的，一天到晚就没停过，可是我们家依然很穷，多亏了党的扶持，才让父母找到了有工资的环保工作，可是他们依然带空闲之时去剥栗子，坐在椅子上剥一天。父母年轻时也老打工，搞得一身病，我们那基本就是这样的,2,1626339384
原来是橘酱吖,已经7.14了  姐姐怎么不更新,2,1626230415
喜欢我的段页式吗,"她那个烧火的时候""啪""，木头或者竹子烧裂开的声音太回忆了，我小时候在老家阿公阿婆烧火的时候就是那种噼里啪啦的声音[高兴]",2,1626162100
爱笑的衣衣,"其实我觉得，日子过的好不好，很多时候要看自己是怎么经营的。去同学家玩感觉最深刻了。有的同学家窗明几净，温馨的不行，有的同学家里可能就比较凌乱-。-
很喜欢自己动手做东西，虽然是个手残党，总是会把A做成B，但是过程开心就很好了啊，哈哈。",2,1626155200
阿毛705,柒柒已经失踪一个多月了[喜极而泣][喜极而泣],2,1625998472
我拉屎呢你伸手干嘛,请问是up主不更新了还是转战别的平台了？,2,1625984799
绝望之为虚妄,姐姐我想你啦！[大哭],2,1625714443
洋蔥花,到更新时间啦[藏狐][藏狐][藏狐],2,1625536897
#NAME?,啊啊啊啊为啥还不更新哇,2,1625337507
二十一个秘密,真好，你出现在了我中考题里[笑哭],2,1624706152
未来的因子,哎，我家也有一块土地，后山还是自然生态保护区，然而村子的人重视的都是人情世故面子最大，每天都在这样美的环境里争吵，咒骂。真的不想回去，我们已经在城里买房了。,2,1624648452
随心所欲封不觉,子柒姐姐，就一句话，我喜欢你。你看，你还缺助理吗？[笑哭],2,1624420489
akaacc,可太爱你了！！！子柒仙女，很早以前做过竹沙发家具的，每期都惊呆，不知道你的极限在哪里。聪明，美丽，勤劳，总之就是，喜欢你[星星眼][星星眼][星星眼],2,1624185569
虚构远方的YoKo,这就是油管1500万粉博主的b站号吗[热词系列_爱了爱了],2,1624171990
花の仙子,和平年代是中国人的幸福，感恩先烈！,2,1624077555
小熊下班了,看见子柒姐姐的视频就想到小时候在农村看仙剑一的光景，现在也回不去了，感谢姐姐的视频让我又回去了一番，昨天还做梦你说你往后不拍视频了，我好害怕呀，唉[委屈][委屈],2,1623904264
Dear_Reader,谈美里面有讲，产生美感的重要条件就是产生距离。这样的美不便于被一些俗人打扰。,2,1623641316
baizxzxx,茶……香茶美人品品鲜  流水笑颜声声喜,2,1623408716
浩凡与树夏院子,听说评论柒仙女能给自己长粉，我来试试。[星星眼],2,1623344041
美女小萨,真的好烦这些许愿的弹幕[吐],2,1623260707
YKCMC,柒爷是中华大地上一颗璀璨的明珠。[支持],2,1623213350
一笑桠,啊，活的种田文女主[星星眼][星星眼],2,1623171269
塞浦雷斯鱼,这个世界还是有仙女的，只不过不会法术，只会一些“小手艺”罢了。,2,1623160979
ayden19,淘宝上，这个桌子的售价确实是好几万。那问题来了，为什么会好几万？,2,1623153458
唐麦官方账号,这才是向往的生活呀~[热词系列_知识增加],2,1623121843
#NAME?,我期盼的就是这种生活，你已经成功了,2,1623065457
那不勒斯流浪小狗,好家伙，姐姐穿旗袍不是祝我高考旗开得胜是什么,2,1623060576
阳阳-宝,这动不动就在视频里许愿是个什么鬼？有时间在这里许愿还不如赶紧去努力呀，总是刷屏真的很影响别人观感好嘛(；一_一),2,1623054528
正阳大街小拐弯,我就问问，那个旧门板上的门神是咋弄上去的？是贴纸时间长了的印子吗？好像又不大对，完全不懂，真心提问。,2,1623053623
这个昵称很带感,邻家有女名子柒，力拔山兮气盖世[脱单doge],2,1623028392
冷辣椒椒椒,引以为流觞曲水，列坐其次。虽无丝竹管弦之盛，一觞一咏，亦足以畅叙幽情,2,1622988271
Tomarange,每次只要来晚了就有一堆许愿弹幕……真的太影响观感了,2,1622987825
売間久里代,我们刚学完兰亭集序，终于知道流觞曲水啥意思了！谢谢子柒仙女🧚‍♀️,2,1622986976
