昵称,地区,时间,评论内容,点赞数
李子柒,四川,2024/11/13 13:41,,289974
谁动了我的奶酪,四川,2024/11/13 12:57,期初大家都仅仅以为她因为各种原因停更，后来才知道她是去“修炼”去了，归来还是顶流👍。,287259
仲夏夜的荒原,山东,2024/11/13 12:41,上次看姐姐你的视频还是在大学，花着父母的钱安然快乐地躺在宿舍床上。现在自己已经步入社会工作快三年了，每天奔波劳累一堆烦心事，感觉自己都静不下心来看你的视频了，人为什么越长大越痛苦[快哭了][快哭了],133876
看适界（互）,广东,2024/11/13 12:48,白月光归来依旧是白月光[送心][流泪][爱心][爱心][爱心],117188
小李❀  、🌸,江西,2024/11/13 12:53,看她的作品让我内心很平静，能真静下来去享受,103375
阿姆斯特朗回旋加速喷气式阿姆斯特朗炮,四川,2024/11/13 12:49,李子柒的视频不需要太多对话，不需要在镜头前说我要传承什么，我今天要干什么，我好辛苦，没有突兀的广告，只有自己和奶奶，配上宁静的音乐和适当的空镜，从白天到黑夜，从春夏到秋冬，总是一个人很安静地在做事，所以看她视频特别舒服，独一无二的李子柒[流泪],84312
春儿💫,广东,2024/11/13 12:49,"当歌声响起时，眼泪竟然不自觉的流出来了，这个才24岁的女子，太强大了[赞]

没有文化，不能精准的表达内心的感受，但想说她怎么就那么优秀，从种植桑叶，养蚕宝宝，到蚕宝宝吐丝，将蚕丝成线……最终成为自己喜欢的一花一物……太了不起了[赞]

视频也很用心，每一个细节的精美呈现，都是一道视觉盛宴[赞]",81421
之燊.,浙江,2024/11/13 12:37,"“因为想唱这首歌，所以才做了一朵绽放于蜀锦之上的绒花；
我祝福每位看到这个视频的朋友，锦上添花、绽放绚烂，称心如愿、一世荣华！”",45435
小团团,四川,2024/11/13 12:45,世外桃源的感觉，我也想有一家这样的小屋,45426
A馮小姐,广西,2024/11/13 12:37,山海自有归期，风雨自有相逢，意难平终将和解，万事终将如意。欢迎回归李子柒[玫瑰][玫瑰][玫瑰],45399
图图耳朵不大,浙江,2024/11/13 12:42,从李子柒的最新作品中可以看到，她的风格越来越鲜明。表面上看，她展现的是那种自信满满的女战士形象，但内核却是对自我的坚定热爱。不论是她的情感表达、生活叙述，还是对传统文化的传承，都在传达一个共同的主题：只要坚定不移地相信自己，走好自己的路，“我”就能成功，“我”会享受生活，并爱上那种活出自我的快感。希望大家能和李子柒一起，见证自我实现的美好旅程！,32321
二²,新疆,2024/11/13 12:47,唱到山河无恙这儿，我一整个鸡皮疙瘩都起来了，呜呜呜[流泪]终于等到你，还好我没放弃[眼含热泪],27603
Mr掌柜,山东,2024/11/13 12:48,采菊东篱下，悠然见南山。山气日夕佳，飞鸟相与还。,16719
十三,四川,2024/11/13 16:01,这就是做漆器严重过敏时候的李子柒。,13725
四川文旅,未知地区,2024/11/13 14:13,这儿看起来好像是绵阳平武哦[看]@绵阳文旅,11763
玓瓑,四川,2024/11/13 12:43,其才华横溢，如同烈火烹油，点燃周遭一切生机与活力，令人惊叹赞叹！,11508
无虞,江西,2024/11/13 12:39,子柒姐终于更新了，非遗文化需要您的弘扬，中华传统也需要您的传播，每次看您的视频我都被文化的魅力深深打动，从开头23年的时间就可以看出这是一条“蓄谋已久”的视频，看来您也没有抛弃我们，希望子柒姐以后越来越好，也能带来更高质的视频内容，着我华夏之裳，兴我文化瑰宝！[惊喜][赞],10096
月,北京,2024/11/13 12:33,"山气日夕佳，飞鸟相与还。
此中有真意，欲辨已忘言。",9358
四川文旅,未知地区,2024/11/13 12:33,子柒，今晚非遗盛典见[爱心][爱心],8773
hamster 🐹,辽宁,2024/11/13 12:39,李子柒的简单纯朴，对文化的热爱传承，安逸这种田园生活让自己变得轻松。这是我喜欢的李子柒,7428
做绒花的子琴姐姐,四川,2024/11/13 13:14,秀一下我做的[呲牙],6978
蜜糖奶罐,广西,2024/11/14 12:14,我用十字绣剩下的线做的[呲牙][玫瑰],5674
一笠雪,四川,2024/11/15 11:42,弹着钢琴唱歌的子柒太美了！看完真的很触动！[流泪]画的不好见谅,3920
怀念☞☜过去,江苏,2024/11/14 11:19,说实话就她这视频全网没几个主播能拍出来，翻拍我估计都没多少能学会的 [赞],3669
鈺,辽宁,2024/11/13 21:20,[泣不成声]我的天！！作为绒花手作人，看到这条视频真是无比激动！！ ！我敢说她的成品背后一定付出了很多时间磨练，细绒条是最难修的，记得我第一次修细绒条5个小时（就是此图[泪奔]），连续一周多手都是发炎状态，没办法自己张开合上，转眼也已经做了一年绒花，能做自己喜欢的事真的很好。,3336
克斯维尔的明天,辽宁,2024/11/13 12:34,最早的一次 美腻的子柒姐姐 愿你一路有鲜花相伴 越来越好 婆婆身体安康 心想事成 天冷了注意保暖呀[玫瑰][玫瑰][玫瑰],3144
木子李,河北,2024/11/13 13:01,股权/商标，都攥到自己手里了！ [赞][赞][赞],3105
中山八能厨电厂家,广东,2024/11/13 23:04,18岁的脸蛋，38岁的手，她是付出了多少啊,2654
Aurora，,四川,2024/11/13 14:08,又几个小时，涨粉千万，李子柒5千多万粉丝了~全网还有谁 [赞]  [赞],1956
醉逍遥,安徽,2024/11/13 17:22,应该做了几千条视频慢慢发了，几年了,1936
手手姐,重庆,2024/11/14 6:11,李子柒归来的三个作品，一个送给奶奶，一个送给自己，一个送给粉丝[泣不成声],1781
工地二哥,湖北,2024/11/13 15:32,我怀疑李子柒一个月的收入，比我一年收入还要多[一起加油][一起加油][一起加油],1381
soo.,江西,2024/11/13 12:58,李子柒你还有什么是不会的 [宕机],1092
鑫鑫的鑫,山西,2024/11/15 14:37,子柒。能不能去传承一下，中国泥金彩漆，只剩下一个爷爷了，就快要失传了[快哭了][快哭了][快哭了][快哭了][快哭了][快哭了],1005
富贵儿（学习版）,浙江,2024/11/13 14:28,现在有很多这种类型的视频了，但是李子柒只有一个,994
Азалия.,四川,2024/11/14 1:48,这是和我奶奶的合照！在学习和传承傈僳族的国家非遗——火草织布技艺~[送心][送心][送心],937
Shylock,浙江,2024/11/13 13:20,我们李姐已经是next level  谁又爽到了！我！,685
ヅ糖糖ぷ💋,山东,2024/11/13 14:14,弱弱的问一句，看李子柒的人群是80后还是90后？[求求了][求求了][求求了],677
无臂人生～汤展中,广西,2024/11/14 20:44,子柒晚上好，我是一个用双脚创造生活的人，今年我们这里的稻谷大丰收了[耶][比心][比心],548
命中注丁,陕西,2024/11/13 13:42,第一次看到子柒边弹边唱 [泣不成声],527
苏夜寒,河北,2024/11/13 15:46,终于有一个我会的啦[看],521
江西文旅,未知地区,2024/11/15 10:21,赣子柒 赣妈喊你回家啦  [玫瑰]  [比心]  [抱抱你],519
北村韩屋韩式炸鸡（天长总店）,安徽,2024/11/13 14:39,前面已经让我佩服了，居然还会弹钢琴，真的佩服的五体投地！,513
月亮不熬夜,广东,2024/11/14 13:45,真的假的 [流泪],474
俊哥探房,贵州,2024/11/14 10:45,一共303个镜头[捂脸]拍一个视频真不容易呀,432
开心日记,山东,2024/11/13 12:32,还有谁[抱抱你],353
圈圈,四川,2024/11/15 0:21,我觉得她这辈子很难嫁人了，没人能配得上她，就像仙女一样，[比心],338
。。。。,河北,2024/11/13 13:50,这么长的视频真有人看完吗[宕机],325
小明,北京,2024/11/13 19:23,听说李子柒在国外影响力特别大是真的吗,317
阿连精品百货,福建,2024/11/13 15:57,这么长的视频真有人看完吗[宕机],303
#＊捨心人丶🐶 🐶,广东,2024/11/13 13:21,这次回来，她真的叫李子柒了！,301
朱耿娟刺绣艺术,江苏,2024/11/14 15:21,蚕丝线绣出来的蓝荷叶,298
鸿建书法,天津,2024/11/14 15:28,刚写完有喜欢的拿去,294
萧远南,重庆,2024/11/13 14:01,感觉像四川话又像重庆话,289
曦禾,湖北,2024/11/13 14:05,微博发的，她真的太不容易了,288
想在对面泉水跳舞,江苏,2024/11/13 13:23,所以我算老粉吗[泣不成声],284
🔥甜心🔥,江苏,2024/11/13 20:19,她在告诉我们，任何时候别放弃，花有重开日。[比心],282
李家小院的李子,重庆,2024/11/13 18:27,因为她，种草了深刻的乡村小院梦想！但是无奈困于城里的生计。所以自己也花尽心思建了一个小院，周末节假日的时候去小住，可总归是蜻蜓点水般的体验，不得乡村生活的惬意精髓。希望退休的时候，也能如子柒这般，过上梦寐的田园生活[比心][比心][比心][比心],254
书香.春熙时光民宿（麻辣冷吃可快递）,四川,2024/11/13 12:43,1小时后告诉我多少了,249
一扛一麻袋,浙江,2024/11/13 17:27,刚染好色 就刷到了[玫瑰][玫瑰][玫瑰],196
筱筱(收徒),广东,2024/11/13 16:39,我亲手删了让我内耗的人 我勇敢吗[流泪],187
钰琪儿,山东,2024/11/14 8:30,我用葡萄皮染的菩提子，好看不[微笑],184
荣儿不爱靖哥哥,陕西,2024/11/14 0:05,胳膊上有那么大一个疙瘩,181
小鱼的鱼塘,四川,2024/11/13 13:26,我就好奇的问一下，他不卖产品，不打广告，怎么挣钱呢？毕竟有一个团队,178
六月✧,广东,2024/11/13 16:39,唱的是什么歌有谁知道呀 好熟悉想不起来名字,177
瑾舒,北京,2024/11/13 23:43,李子柒真的，一鲸落，万物生[流泪][流泪] 我来等2024，11～13号23点45那一批人[灵机一动][666],175
青 辰,山东,2024/11/13 16:47,"在李子柒停更的三年内，有无数网红模仿她的创作路线，但是到最后，绝大部分都只能模仿到皮毛，而没有那个有耐心模仿到她的精髓，剩下来的更是少之又少。
    她做黄豆酱，可以从种植黄豆，培育黄豆，到最后收获黄豆，到最后做成黄豆酱，一个视频的跨度能够达到一年，甚至更久，这种类型的创造，网红公司等不了，更多个人更没有那个耐心，细心，恒心做的了，不是纯粹出于内心的热爱，你做出来的作品跟她都不是一个味道，她成为顶流，实至名归！",163
平武发布,未知地区,2024/11/14 11:56,李子柒弹钢琴唱《如愿》取景地是平武王朗[爱心][爱心][爱心]真的很值得打卡，相信我！,160
水煮苦瓜,浙江,2024/11/13 14:08,这个地方太美了，朋友们这是在四川哪里啊，想去散散心 （抑郁症患者[泪奔][泪奔]）,158
小熊警官,陕西,2024/11/13 16:31,我在等2024.11.13   16：33这一批人,154
你的美如画,四川,2024/11/13 14:58,“婆婆”在四川是奶奶的意思，是父亲的妈妈的称为，不是老公的妈，谢谢。,151
命由天定,陕西,2024/11/13 15:46,现在26.1万，到了100万再给我说,151
瑾舒,北京,2024/11/13 23:49,李子柒真的，一鲸落，万物生[流泪][流泪] 我来等2024，11～13号23点50那一批人[灵机一动][666],146
小胖我饿了,广东,2024/11/13 13:02,李子柒老师，看一眼我的面塑吧，广东八零后非传承人在传承这条路上快饿死了[泣不成声][泣不成声][泣不成声],134
万般皆是命，半点不由人。,河南,2024/11/13 19:01,李子柒，原名李佳佳，1990年7月6日出生于河南省四川市，中国内地网络短视频创作者，2015年出道[赞][赞][赞]河南的的骄傲[赞],133
蒔園,江苏,2024/11/13 20:15,我自己做的绒花胸针[呲牙]其中几个款式,132
欧秀,安徽,2024/11/15 7:36,抖音变了，一刷一个都是广告，李子柒没变，归来仍是顶流！,131
木子李,河北,2024/11/13 12:58,股权/商标，都攥到手里了！ [鼓掌][鼓掌][鼓掌],128
晨 晨,浙江,2024/11/13 19:06,这是我做的,126
上弦月🍒☘️,四川,2024/11/13 13:55,想知道她是生活在四川哪里的？[比心][呲牙],124
农村七月,贵州,2024/11/14 8:54,不是说退出抖音了吗，世上再无李子柒，咋又回来了,122
玉婷爆爆爆,江西,2024/11/13 13:33,李子柒火的原因很简单，她一直以其独特的视频风格和深厚的文化底蕴，展现了中国传统的文化的美，温暖人心，传递正能量[比心]🌹🌹🌹,120
无臂人生～汤展中,广西,2024/11/15 11:14,子柒归来，紫气东来！希望你们不嫌弃，我这用脚来书写的祝福🙏[比心][比心],118
小翠姐,广东,2024/11/15 20:12,我爷爷说了，看到这颗柿子树的人，不管以后遇到什么事，都会柿柿如意[感谢][感谢][感谢]好运连连，平平安安，健健康康[感谢][感谢][感谢],116
乡村有生活,江西,2024/11/13 14:56,怎么开花的，谁知道？[耶],113
冠晴师兄,湖北,2024/11/14 16:12,做了几个，费手[捂脸][捂脸][捂脸],111
燕归来,重庆,2024/11/13 13:31,听到四川话在喊：今天像个女的,105
小希与果🍊,江苏,2024/11/15 21:42,新鲜出炉，今天刚做出来的绒花，尊重每一位手作人，非常不易，更可贵的是很多人仍然在坚持！希望非遗文化能让更多更多的人了解，发扬光大！,96
九歌,河南,2024/11/13 17:28,没养过蚕，想问下，蚕吐出来了茧，蚕去哪儿了？,95
惜言,陕西,2024/11/13 14:45,练了很久我做的绒花，子柒一定也练习了很久很久[玫瑰],94
梦梦分享,四川,2024/11/14 23:13,我喜欢煮饭，但是不喜欢洗碗，,93
鹃子轻食,广东,2024/11/13 13:53,谁能告诉我为什么这朵花它会自己绽放[泣不成声],92
农二哥私人订制叶雕照片,四川,2024/11/13 12:34,李子柒女神，这个东西是什么干什么用的？[耶],90
韵韵小宝贝,福建,2024/11/15 7:32,李子柒和特朗普一起复出了[舔屏],90
小团子,四川,2024/11/13 13:45,救命啊，我哭死啊，一样的缠花啊，为什么李子柒做出来就是像大片又有质感啊，真是归来仍是站在这个赛道巅峰的人。[泣不成声],90
池子,山东,2024/11/13 16:26,和李子柒联姻，需要什么条件,88
霖玲,广东,2024/11/13 12:57,李子柒火的时候，抖音这个软件都还没有吗？,88
仙女家的小可爱,辽宁,2024/11/13 20:16,哇  也祝我生日快乐 [比心],86
再见终究陌生人,江苏,2024/11/13 20:20,李子柒这样的一个视频，从拍摄剪辑制作到发出，最起码要半年了[赞],84
এ᭄ꦿ༊木木,湖北,2024/11/13 21:33,今天也是我女儿生日！祝大家所愿皆所得！,81
jxyxf,浙江,2024/11/13 15:46,妈也每一天贞都是电影级的大片  牛啊[赞][赞][赞][赞][赞][赞],80
有可乐吗来瓶雪碧,山东,2024/11/13 13:19,我想问下李子柒的螺狮粉还是她的吗？因为喜欢她，一直吃这个牌子的螺蛳粉，如果不是，我就换牌子[九转大肠],79
佩晗Rx,广西,2024/11/13 15:47,谁懂这个1分26秒点的意境！ 这视频处处都值得细细品味。[比心],79
鸿建书法,天津,2024/11/14 15:18,刚写完有喜欢的拿去,76
梦梦妈,四川,2024/11/13 13:55,她唱这首歌太触动人心了。谁知道这首歌叫什么名字，求告知[捂脸],76
星如雨,广西,2024/11/13 14:40,冷知识李子柒在抖音出生前就很火了[黑脸],75
滕某某,黑龙江,2024/11/24 18:14,李子柒你好。我有一个好朋友很喜欢看你的视频。在你停更的日子里他去了很远的地方.他很喜欢你的视频。但是他没有等到你再更新的日子。再也看不见你视频里的云淡风轻。我也知道这44万的评论你也不一定能看得见。但是我希望我的好朋友可以变成一只蝴蝶去到你的世外桃源。再也没有病痛折磨他。我也不知道我想表达什么。只是希望他在另外一个世界开开心心。无忧无虑,75
靜靜呢,吉林,2024/11/13 19:50,这首歌叫什么名字，原谅我的无知，好心人发一下,72
麦子🌼,福建,2024/11/13 14:40,现在真的还能看到这满天繁星吗？,72
求己,广东,2024/11/13 18:24,除了家人就没人知道我生日了[九转大肠],70
性感母蟑螂爱上娇羞金刚芭比,湖南,2024/11/13 15:32,热泪盈眶，谁懂这种感觉啊，从来没有哪个博主网红回归让我如此激动，我以前都是巴不得网红塌房的，除了李子柒，永远的白月光，无人可比。,70
桂花苹果,广西,2024/11/13 19:43,这是我做的绒花[猪头],69
岁月流年,云南,2024/11/15 19:17,自己养蚕，抽丝做的扇子，扇子骨架是买的。,66
枳枳💫,湖北,2024/11/14 22:04,这次回归三个视频，第一个给奶奶，第二个给自己，第三个给粉丝，真的很用心[泣不成声](另外: 不要买李子柒螺狮粉，那是微念的，和她没有半毛钱关系，抵制微念！）,65
沐沐10.3,广东,2024/11/13 13:05,还是感觉有点不真实，两年多没有发视频了，三年了哇，第三条视频了，还是感觉不真实。像小说里明明有一个喜欢的人，突然一声不吭的去了消失，前两年有了他的一点消息，然后又没有了，现在突然又出现哇，那种感觉。,65
👑👑👑,四川,2024/11/15 14:12,打卡，钢琴不见了[捂脸],63
非著名导演李安,河北,2024/11/13 13:33,[捂脸]不懂就问，这茧是他们变了扑愣蛾子钻出来才用吗，我看怎么直接摘走了,62
做绒花的子琴姐姐,四川,2024/11/14 13:49,哇塞这题我会[泣不成声],62
小狗咕咕唧,四川,2024/11/13 16:03,欢迎大家来子柒的故乡四川绵阳旅游哦，这里有全国最多的野生大熊猫，“四川第二大道观”云台观，飞来“三江半岛”过冬的红嘴鸥，平武报恩寺，李白出生地，中国两弹城。还有好吃的绵阳米粉和江油肥肠！,62
花儿的Vivian,四川,2024/11/15 16:28,我做的蚕丝扇，自己喂的蚕……[呲牙][呲牙][呲牙][呲牙],60
阿郎,重庆,2024/11/14 23:23,李子柒作品中的农村并不是现实中真正的农村，那只是有钱人的农村！,59
.知夏.,福建,2024/11/19 10:25,弄的我手痒痒又想去搓绒花啦[大笑][大笑]我不想买工具了，我会一点点缠花，第一朵成品肝了我四天半……,59
哇塞琳,广东,2024/11/14 12:14,这套衣服我好喜欢，好想买,57
梨萧饱,云南,2024/11/20 18:59,现在还有人看我就吃史[微笑][微笑],54
水蜜༗桃ཻ࿐,海南,2024/11/14 13:17,我在路边摘的野花漂亮吗？[比心][比心],54
秋儿💗庆达木皮,浙江,2024/11/14 12:21,因为你断更了，这包酸辣粉放了3年没吃,53
不見（山谷）,上海,2024/11/14 1:28,我是什么山顶洞人吗，476万赞了才刷到[宕机],53
枠,福建,2024/11/13 12:34,1500了，现在是多少？,52
Gentle,内蒙古,2024/11/17 18:25,姐姐，能不能去传承一下，中国泥金彩漆，只剩下一个爷爷了，就快要失传了[快哭了][快哭了][快哭了][快哭了][快哭了][快哭了],49
诺宝ó,河南,2024/11/13 16:25,听过这个名字。不知道这人是干啥的？好像好挺有名的[捂脸],48
Mr.楊,重庆,2024/11/13 14:08,她是哪里人，我能听懂她说方言,47
小鲁班🤟,西藏,2024/11/14 3:00,现在是3.00分[玫瑰][玫瑰],47
Lucky～⛽,甘肃,2024/11/13 14:11,是从这个视频认识李子柒的[玫瑰],46
云边小卖部ᰔᩚ,山东,2024/11/13 14:28,79.2w了   11.13 下午2.27分,46
第¹¹枝花,江西,2024/12/13 16:09,我是什么山顶洞人嘛，1000多万才刷到[听歌][听歌][听歌],46
米糕,广东,2024/11/13 19:38,她以前很火么。我还是第一次看到她，她到底是干什么的这么多人认识她,45
唐家村的小唐,陕西,2024/11/13 17:30,是时候放出这张图了   就知道柒哥一直在做自己喜欢的事情  还有丽江那边…～～～～，剩下的藏货都放出来吧，一次看个够，有点等不及了[求抱抱][求抱抱][求抱抱][求抱抱][求抱抱],45
淡定,湖北,2024/11/14 15:51,好美啊，我自己钩的，这算不算艺术。,44
辰辰,山西,2024/11/13 16:58,专门给李子柒开一个，生怕有人不知道[捂脸],44
难得糊涂,上海,2024/11/13 13:20,这作品拍的，比好多影视画面还美[裂开]，我还以为再看剧，离谱,43
孙大圣👏👏,山西,2024/11/15 15:27,求小姐姐出一期，古法熬制洗发水，现在的添加剂，头真的快掉完了,43
婷曼逸塑身内衣➕金剪刀造型,四川,2024/11/14 10:04,520万时告诉我一声,42
赵敏吖,河南,2024/11/13 16:38,这是什么花，好漂亮啊,41
🐳Kim,湖北,2024/11/14 12:07,不得不拿出我做的蚕丝扇了[呲牙],40
《安樂如意》林林柒,福建,2024/11/13 23:05,中国不是没有奢侈品！而是买不起[玫瑰]瑰宝无价,40
🌻聰明是天賦，善良是選擇🌻,中国台湾,2024/11/13 17:04,請問大家這個是本人回來了嗎？,39
9527，请开门,安徽,2024/11/13 16:06,为什么她的农村和我们农村不一样 坐标皖北[捂脸],38
鱼姐,四川,2024/11/13 18:32,我为什么看到这里想哭呢[泣不成声],38
环观世界,广东,2024/11/13 15:25,我一直有个疑问，是那个先人发现蚕的丝可以用来织布做衣的，蜘蛛不是也可以吐丝吗[捂脸][捂脸][捂脸],38
小小橙子啊🍊,安徽,2024/11/13 18:54,电视上看 真的好好看,38
桖妖手作┄华韵汉风,四川,2024/11/13 17:25,绒花这题我会……就是不会养蚕[泪奔],38
最初的美好,广东,2024/11/14 22:53,李子柒粉丝是全网质量最高，忠实度最强的，而且是全球粉丝，我是她好几年的老粉了，一直在等她，她对于我来说是白月光一样的存在。怎么表达对她的喜欢呢？这么说吧，有一天哪怕她直播卖💩，我也会买几吨。,38
🌟🇨🇳神笔镇乾坤🇨🇳🌟,江苏,2024/11/13 15:53,"李 家蝴蝶百花香
子 母桑蚕到丝纺
柒 妹巧手剪绒秀
才 女伴母雪飞扬",37
南风未起886,湖北,2024/11/13 17:04,就就就真心好奇一个点，她拍的星空真好看啊，这么多星星，武汉的夜晚一般就月亮旁边一颗星，可以去哪里看这种夜空？好想带我儿子一起数星星去,36
鸿建书法,天津,2024/11/13 13:27,刚画完有喜欢的吗,36
爱喝药的武大郎,山东,2024/11/13 15:30,这是假的吧？昨天才900万粉丝，今天就5000万了。,36
小丑,浙江,2024/11/13 16:36,谁能简单告诉我她是干啥的，很出名吗[捂脸],36
青山绒花,江苏,2024/11/13 16:17,带着我的绒花来了,36
🌈亲爱的宸瑄呀,吉林,2024/11/13 19:51,2016年至今[流泪],36
韩憨不是憨憨,安徽,2024/11/13 14:05,这是什么花？[暗中观察],35
盛明兰,江苏,2024/11/13 20:36,我自己做的无患子手串，好喜欢啊,34
阿柯,福建,2024/11/13 15:05,严重过敏，真心佩服[赞][赞],34
摆烂小鱼,安徽,2024/11/13 20:54,视频太长你们都从头看到尾吗[捂脸],34
敦煌小宁,甘肃,2024/11/13 14:48,这里，有人懂吗[逞强落泪],33
时光💅荏苒💞,湖北,2024/11/13 13:17,我这里现在17.3万，你们那里多少了,33
小粒豆豆,广东,2024/11/13 20:52,"这流量，这速度我真的惊掉下巴，现在是367.2
明天早上我再来看看",33
焦玛不加糖,陕西,2024/11/25 17:55,她会采桑叶喂蚕我不奇怪，但是居然会捻亮蚕（这个只有70后、85前且在农村长大家里养过蚕的人才知道我说的意思吧）[捂脸],32
🌈🐰🌈,福建,2024/11/13 13:24,中午看都是5001万，才几个小时就涨粉七十万了[赞],32
Y,贵州,2024/11/13 17:30,7.7   明天来看看多少了,32
临夏文旅,未知地区,2024/11/14 11:02,跟着李子柒看非遗 这一站—甘肃省临夏回族自治州,32
哎呀。。。。。,四川,2024/11/13 14:31,那些模仿啊，复刻啊什么的也很厉害，但看了也只觉得厉害，，李子柒的视频看了我静心了，好奇怪。。也许这就是顶流的原因吧,32
宝田铺子土特产,湖南,2024/11/13 22:38,本来想问这货背景音乐叫什么名字，想想几十万的评论还是算了，评论不一定有人看得到[捂脸],32
爱自由,重庆,2024/12/14 16:11,李子柒，出卷老师经过你同意了吗[流泪],31
Journey,云南,2024/12/18 6:50,有坏人@你千万别回,31
–,广东,2024/12/18 9:20,有人想拉你下水[我想静静][我想静静][我想静静],31
布多多,山东,2024/11/13 14:36,唱的歌名是什么？求告知,31
阿久哥,贵州,2024/11/13 13:04,不懂就问，是子柒的真唱吗？,31
俺shi大脸猫_,四川,2024/11/13 14:25,作为油管上粉丝最多的中国人，她不更新真的非常可惜，她在油管上几千万粉丝，一般人可能没啥概念，油管上有百万粉丝甚至几十万粉丝就是大v了，所以她是超级大v，非常不容易。她为向世界弘扬中华文化做了很大的贡献，所以我挺李子柒[赞][赞],31
润生～,山东,2024/11/14 7:32,小小的建议，能不能像以前一样，把字幕加上？比如过了多久，几个月，加入了食盐，蚕丝用温水泡还是什么。可否呢？[抱拳][抱拳],30
爱三马仔的大姐姐🍀,广西,2024/11/13 16:49,仙女们[比心]最后李子柒唱的歌是什么歌名？老是想不起来。,29
鸿建书法,天津,2024/11/13 23:52,看上的拿走,29
李晶晶,中国台湾,2024/11/14 18:23,以中國傳統女性精神為榮，以同樣姓李的女性為榮。,29
不见夏,广西,2024/11/16 23:51,其实李子柒这个人真的挺好的，如果没有她的话那么外省的人还要多久才可以知道我们广西的螺蛳粉呢[流泪]她其实间接养活了很多很多人[流泪],29
珊珊,天津,2024/11/13 21:02,两天时间，粉丝暴涨500多万[赞][赞][赞],29
笑看人生,河北,2024/11/13 16:46,求解，养蚕的桑树是不是普通的那个长桑葚的树,28
曹梁,四川,2024/11/13 16:30,我好想知道她唯一关注的是那个[比心],28
有点甜,湖南,2024/11/14 22:41,子漆，能不能去传承一下，中国泥金彩漆，只剩下一个爷爷了，就快要失传了[快哭了][快哭了][快哭了],28
小爽姐姐,河南,2024/11/14 12:43,就那个琴 搬在那个地方 都是多少人不能完成的[捂脸] 这个视频不是一般人弄的，该人家火,28
可乐&端午妈,江苏,2024/11/13 13:52,一天涨粉100w！这就是李子柒的魅力哇[流泪],28
小男孩🙃,辽宁,2024/11/13 16:20,如果刘亦菲和李子柒同时追我，我该咋个选[流泪],27
o泡泡,四川,2024/11/13 15:14,离子柒最近的时候了[看],27
中夏,河南,2024/11/13 20:48,李子柒的决定是对的，那些贴牌代加工生产，根本就无法控制的，各层极为了赚更多利润，肯定会出事。反正外网的收入都足够了。,27
望望碎碎念,湖北,2024/11/13 22:57,天嘞，你竟然还会弹钢琴，天爷，真的就没有什么你不会了吧，怎么这盛世会有这么强悍的一个女生出现啊，真的除了敬佩还是敬佩，千年难修一个李子柒[赞][赞][赞],27
温柔的诱惑,广东,2024/11/16 23:53,感谢子柒，成功让我戒掉赌博，重新做回自己。,27
杜天宇。,江苏,2024/11/13 12:34,"2024年了，李子柒姐姐5051.4w粉
而夜央梦：181粉[流泪][流泪][流泪][流泪]",27
西瓜太娘,江西,2024/11/13 14:51,有人说，两年里同类型博主那么多，李子柒就算回来也不会和以前一样火了。但我始终认为，李子柒风格的视频只有李子柒做的最好。[赞],27
懒洋洋,四川,2024/11/13 13:25,这是要日更吗[泪奔]   好奇这些视频都是怎么制作的，不是说有的要拍一年吗[泪奔],27
发现美造型阿文,广东,2024/11/13 14:07,为什么没人去李子柒家乡打卡呢？多么美丽的地方！一个发型师火了却那么多人去怀化,27
艺芯,山东,2024/11/13 19:13,李子柒视频确实惊艳，其他也有模仿的，但都没有这个味道。其他人给的感觉就是表演，但看了李子柒的视频，怎么就是感觉真实，很奇怪。,26
鸿建书法,天津,2024/11/13 23:52,看上的拿走,26
鸿建书法,天津,2024/11/13 22:17,不知道有没有喜欢书法的,26
我是Cc,广西,2024/12/18 19:43,有个叫二宝妈妈的坏人艾特你千万别回，人家拿你挡枪呢,26
了了,广西,2024/11/13 14:08,求唱的歌叫什么名字[送心],26
随波逐流,山东,2024/11/13 18:03,现在看到的选,26
茉茉爱猫咪⁵⁸⁸,广东,2024/11/13 17:54,太好听了吧，谁能告诉我这是什么连续剧的歌？,26
张hhhhh韵.,广西,2024/11/13 13:20,23万了 现在是多少,26
发光的小白熊,广西,2024/11/13 13:56,黑子们，如果给你们一个几千万粉丝的账号，你们能做成她这样不，反正我就做不到，所以我喜欢李子柒[看],26
阿帷,美国,2024/11/13 13:48,这个视频才是真正的回归视频呀[逞强落泪]，钢琴与田园，绒花与机械，现代与传统的碰撞。后面子柒唱出《如愿》第一句歌词就开始哭，看到回顾来时的路的时候更是控制不住自己的情绪，幸好你回来了，欢迎你回来。,25
唐少爱钓鱼,广东,2024/11/13 17:22,三年了，你知道三年我换了多少批鱼了么[泣不成声],25
愿如意,福建,2024/11/13 13:27,19.1w你们看是多少,25
香菜大王（apex版）,广东,2024/12/18 8:28,我二宝妈妈@你呢,25
大连庄河市农村原民办教师转正指标没下达,辽宁,2024/12/18 16:07,不要回应任何关于，立陶宛那个女人的信息！不要中了他们的圈套,25
静待风轻花落时,安徽,2024/11/13 14:53,四川的朋友告诉我一下，你们那边夜晚真的有那么多星星吗？,25
阿福不赖,辽宁,2024/11/13 16:34,不懂就问，子柒唱的歌名,24
"""宁静致远",广西,2024/12/20 21:37,1048万赞才刷到，我是山顶洞人[微笑],24
岁岁平安，顺水顺风,山西,2024/11/13 15:42,这首曲子是什么来的[比心]好熟悉,24
金其甄选超市,江西,2024/11/13 15:45,一条视频拍摄的时间长达几个月，这些素材的积累保存，剪辑时一条视频两百六十多个镜头。子柒你是怎么做到的这么大的工作量。后期剪辑这几百个镜头结合在一起的工作是一项难度极高的事情。全网唯一[赞][赞][赞],24
鸿建书法,天津,2024/11/14 19:39,写完收工喜欢拿走,24
郝💪（恩照）,陕西,2024/11/13 21:06,我想知道她唯一关注的人是谁？,24
国国啊（生活日常）,广东,2024/11/13 18:34,谁懂，她一开口就泪目的感觉吗？好像在诉说这一切都如愿[流泪][流泪][流泪],24
永不褪色的青春,安徽,2024/11/13 14:46,不懂就问，桑叶摘回家能直接喂蚕宝宝吗？不能吧？是不是要杀菌消毒处理,23
诗酒趁年华²⁸︍︉︍︍⁹³,新加坡,2024/11/15 10:04,李子柒我是你海外的粉丝，能看到吗,23
要多乐吖,河南,2024/11/13 17:01,偏个楼，请问蚕茧的丝被抽了之后，蚕还能活么？,23
宫崎骏的夏天,湖南,2024/11/13 16:25,这是几年前的那个李子柒吗？,23
悄咪咪,云南,2024/11/17 2:00,784.3w了 才被我看到 [流泪],22
哇哒西蛙,安徽,2024/11/13 16:40,我记得李子柒是个好吃的，叫啥我忘了,22
天云星辰,陕西,2024/11/13 16:47,我比较好奇，蝉蛹被抽完丝，那蝉还活着吗？,22
fashion..Txt,四川,2024/11/14 1:05,李子柒退出后，有很多模仿她的，但是总感觉缺点什么…今天看了李子柒，终于知道了，模仿者缺少李子柒的一种，宁静美！,22
一字2,湖南,2024/11/29 21:51,感谢柒姐姐，我们全校背你的议论文素材[微笑][左上],22
小妮子～,浙江,2024/11/13 21:32,一天涨粉400万，除了李子柒还有谁能做到[赞][赞][赞],22
蜂蜜柚子,四川,2024/11/13 19:53,她是蜀锦非遗的宣传人，是不是啊，我记得之前新闻提过,21
双禾（花丝镶嵌）,湖南,2024/11/14 23:21,姐姐，下次做花丝，也是非遗项目，超超超喜欢你,21
花儿那么美🥰,四川,2024/11/13 15:48,最后李子柒[害羞]唱的歌叫什么名字呀？,20
贺*杰,河南,2024/12/18 9:15,通房大丫头喊你了[呲牙],20
一只小可爱的日常,河南,2024/11/13 13:59,现在48万 你们多少赞看的,20
刘赢-零食蛮多,湖南,2024/11/13 18:07,我还在为她打工，给她卖粉[流泪],20
倩倩 ｀💋💋,湖北,2024/11/13 18:50,她昨天是只有4000多万的粉丝吗？还是我看错了，今天就5000多万了[尬笑],20
Mr.H,湖南,2024/12/18 9:41,我是从雷探长的妇道过来的  哈哈[灵机一动],20
木鱼论影,山东,2024/11/13 13:05,11.9万，现在是不是一百万了[看],19
用户3155935178947,江苏,2024/12/15 10:30,我是什么山顶洞人 1040.9w才刷到[捂脸],19
常州金大生@燕子,江苏,2024/11/13 23:42,我好奇的是，她怎么知道那么多，会做的那么多，好像不是我们这个时代的人[捂脸][捂脸],19
正金秋,河北,2024/11/13 14:21,一个半小时什么概念……钱真的不好挣啊,19
阿铁爱补钙～,江苏,2024/11/13 17:24,不知道是不是先入为主的原因 别人拍的田园视频就是没有李子柒的这种味道～[吐舌],19
静水留痕,江苏,2024/11/13 19:18,朝起采桑夜织纱，一片闲云一人家。月饮轻风山饮雨，泥炉微熏不夜侯。碧夜山岚霏烟起，促织半醒唤贪狼。北斗夏指茉莉开，金乌照苔露凝丹。流金铺妆千川外，万般灵秀拜日光。月轮淡隐东北望，漫天鳞云染长虹。,18
青青,河北,2024/12/12 21:37,现在还有人刷到我关注你[捂脸],18
紧丿紧,浙江,2024/12/17 18:57,这几天有个通房皈依者疯狂@你,18
🔱     点艺•融合点心研学室,湖南,2024/11/14 17:26,请大家吃点心[看][看],18
蔓蔓买买酱💪,广东,2024/11/13 21:52,不是，你到底有啥不会呀，一对比我感觉我跟个废物一样[捂脸],18
成暖,黑龙江,2024/11/13 21:57,7年的时间 好久了呢,18
Mr. He,新疆,2024/11/13 14:41,李子柒  唱的歌  叫什么名字[抱拳][抱拳][抱拳],17
RikeSS,广东,2024/12/18 10:23,姐，有人乱艾特你[流泪]你要注意一下了,16
哦嚯,天津,2024/11/13 15:58,李子柒是干什么的？我还真不知道   明白人麻烦告诉一下  谢谢,16
Teg,山东,2024/11/14 6:31,这才是抖音存在的意义，了解非遗认识先烈，而不是所谓的一二三上链接,16
滇东北的那位哥,广东,2024/11/13 17:42,她的视频为什么那么清晰  好多大明星发的模糊,16
谁还不是个宝宝คิดถึง,江苏,2024/11/13 16:10,还是李子柒，别人做怎么都没有这个感觉,15
🌟🇨🇳神笔镇乾坤🇨🇳🌟,江苏,2024/11/13 16:09,"李 家蝴蝶百花香
子 母桑蚕到丝纺
柒 妹巧手剪绒秀
美 女伴母雪飞扬[赞]",15
嘻嘻,重庆,2024/12/21 15:34,[尬笑],6
真的服了,四川,2024/12/21 1:17,姐 一个多月了 该更新啦,6
豪哥,广东,2024/12/21 13:51,柒柒 今日冬至了，更新吧,4
莫失莫忘,四川,2024/12/21 12:32,姐，今天冬至，不考虑更新吗,4
刘巧儿,河南,2024/12/21 7:56,等了一个多月了，该更新了[玫瑰][玫瑰][玫瑰],4
中二晚期。,四川,2024/12/21 16:36,为什么又断更了？？？？,3
微词,安徽,2024/12/21 15:57,我能催更嘛子柒，复出的欣喜后给冷却这么久，就像得到了又没完全得到[眼含热泪][眼含热泪][眼含热泪],3
睡了但没完全睡,湖南,2024/12/21 10:47,我以为要用蚕丝做衣服，结果就做了几朵簪花,3
博弈手-颜,江苏,2024/12/21 11:48,姐姐你被写进英语阅读理解啦,3
杨大朵儿🌼,黑龙江,2024/12/21 9:27,都一个多月了咋还不更新啊,3
小雪花,湖北,2024/12/21 15:27,我第一次看见超过1000w赞的作品,2
一笑倾城！〈74年的🐯〉,江西,2024/12/21 6:18,这么多赞，有这么好看么,2
Helen,福建,2024/12/21 16:39,柒柒如果去拍一部古装剧，绝对绝美[比心],2
耳趴趴的芭蕾,贵州,2024/12/21 15:10,子柒她代表了中国女性最优秀的一面，而这一面是最朴实，最纯粹，最自然的一面…,2
冷暖自知,江苏,2024/12/21 14:48,知道她的螺狮粉[大笑][大笑][大笑],1
小倩倩了呀,重庆,2024/12/21 9:53,新来的，礼貌问，李子柒的视频会不会中途瓜子二手车或者转转或者牵手[捂脸],1
世一天（峨眉宗师）,江苏,2024/12/21 15:03,我累个1000多万赞,1
天才也幼稚,广东,2024/12/21 11:22,真正的蚕丝被要多少钱，几万块可以了吗,1
该干嘛干嘛！,浙江,2024/12/21 11:30,看到这个时候我以为是鱼漂呢。[捂脸],1
我相信,北京,2024/12/21 15:37,姐姐的视频把我看哭了，深深被姐姐的匠心与勇敢打动，这份力量也激励着我前行。[流泪][流泪]姐姐小小的个子拥有大大的力量，好像生活中没有什么难题可以难倒你，总是有很多的工具，好像你的双手总能给我们很多意想不到的惊喜。以后还会一如既往地支持着姐姐！[赞][赞][赞],1
甜城姑娘（猪宝宝）,湖北,2024/12/21 14:51,李子柒天下奇女子一枚[比心],1
锦霖✨宸✨,海南,2024/12/21 6:52,子柒，你说这不是你唱的，你快说，不然我破防了 [震惊]  [震惊]  [震惊]  [震惊]  [震惊]  [震惊]  [震惊]  [震惊]  [震惊],1
ᴵⁱⁿ-早點睡💤,江苏,2024/12/21 13:26,钢琴是不是也是手工做出来的,1
平凡的萍,广东,2024/12/21 12:31,冬至了还不更新[捂脸][捂脸],1
李泓兴,广东,2024/12/21 14:30,全是后期团。,1
思香,湖南,2024/12/21 16:56,听了无数遍的歌，唯你把我唱哭了[捂脸],0
如来心,四川,2024/12/21 17:03,你从未曾离开，一直都在[比心][比心][比心]谢谢精美视频,0
山东泓联特种纸科技有限公司,河北,2024/12/21 16:46,看着你的视频觉得很心安，放下了一切的浮躁,0
马队长,江苏,2024/12/21 16:34,原来真的有仙女下凡这一说~,0
A person's journey,山西,2024/12/21 16:58,怎么停更了,0
江儿,云南,2024/12/21 17:11,什么时候又更新,0
@慧呀',贵州,2024/12/21 12:54,这个酸辣粉好吃[呲牙],0
🍀鑫林🍀,河北,2024/12/21 16:17,怎么又没有了,0
双河镇金凤凰婚纱摄影,湖北,2024/12/21 14:32,又停更？,0
舒涵小姐姐,广东,2024/12/21 12:47,拍这个视频需要多人？,0
留星岛li,河南,2024/12/21 12:35,看着会了[偷笑],0
🌈众所周知,安徽,2024/12/21 14:25,又停更了,0
半渡,四川,2024/12/21 1:38,什么时候更新啊！,0
柠小檬檬檬,贵州,2024/12/21 9:48,一个多月了，为什么还不更新[流泪][流泪],0
擒贼先擒     王先生,广东,2024/12/21 14:04,看着视频吃着饭[看],0
黎梨,广东,2024/12/21 15:12,咋又不更新了？,0
橘色系～,上海,2024/12/21 15:22,怎么没视频了[尬笑],0
小胖快跑🐯,河南,2024/12/21 7:19,什么时候更新啊,0
KiKi⁸,江苏,2024/12/21 14:38,姐姐，怎么不更新了,0
